n,p,sigma,T,rmse_mean,rmse_sd,source_file
1000,5,0.25,20,0.1439927756786346,0.0064490533659112,rmse_table_all_1000.csv
1000,5,0.25,35,0.1297659188508987,0.0023423711008103,rmse_table_all_1000.csv
1000,5,0.25,50,0.1255966201424598,0.0054438013164553,rmse_table_all_1000.csv
1000,5,0.25,65,0.1197273403406143,0.004341361444577,rmse_table_all_1000.csv
1000,5,0.25,80,0.1118308335542678,0.0034590029959784,rmse_table_all_1000.csv
1000,5,0.25,95,0.1170808881521225,0.0011049703227201,rmse_table_all_1000.csv
1000,5,0.25,110,0.1136197254061699,0.0068266720812046,rmse_table_all_1000.csv
1000,5,0.25,125,0.1130919843912124,0.0032844908064225,rmse_table_all_1000.csv
1000,5,0.25,140,0.1180638149380683,0.0023473783021415,rmse_table_all_1000.csv
1000,5,0.25,155,0.1167006403207779,0.0013822517131131,rmse_table_all_1000.csv
1000,5,0.25,170,0.1161515861749649,0.0022073886719261,rmse_table_all_1000.csv
1000,5,0.25,185,0.1181522384285926,0.0021976188826905,rmse_table_all_1000.csv
1000,5,0.5,10,0.2152712307870388,0.0188161767513864,rmse_table_all_1000.csv
1000,5,0.5,15,0.1972765438258648,0.0115810739169136,rmse_table_all_1000.csv
1000,5,0.5,20,0.1866483032703399,0.0063795393292065,rmse_table_all_1000.csv
1000,5,0.5,25,0.1736537724733352,0.0075014777315279,rmse_table_all_1000.csv
1000,5,0.5,30,0.1662500165402889,0.0065366518527969,rmse_table_all_1000.csv
1000,5,0.5,35,0.1587621286511421,0.0073328313076673,rmse_table_all_1000.csv
1000,5,0.5,40,0.157041684538126,0.0062307063138147,rmse_table_all_1000.csv
1000,5,0.5,45,0.1541554264724254,0.004533517914756,rmse_table_all_1000.csv
1000,5,0.5,50,0.152525832504034,0.0050601238778156,rmse_table_all_1000.csv
1000,5,0.5,55,0.1534780368208885,0.0050821242399378,rmse_table_all_1000.csv
1000,5,0.5,60,0.1530680894851684,0.0053836434219218,rmse_table_all_1000.csv
1000,5,0.5,65,0.1510208070278167,0.0027742617592674,rmse_table_all_1000.csv
1000,5,0.5,70,0.1524252638220787,0.0046831565376769,rmse_table_all_1000.csv
1000,5,0.5,75,0.1527966186404228,0.0051029517053581,rmse_table_all_1000.csv
1000,5,0.5,80,0.153049273788929,0.0035082488040498,rmse_table_all_1000.csv
1000,5,0.5,85,0.1570314109325409,0.0061670034535855,rmse_table_all_1000.csv
1000,5,0.5,90,0.1542725548148155,0.0032291626660343,rmse_table_all_1000.csv
1000,5,0.5,95,0.1553791210055351,0.0037767498743975,rmse_table_all_1000.csv
1000,5,1.0,20,0.245845803618431,0.0111616951787516,rmse_table_all_1000.csv
1000,5,1.0,30,0.2284388661384582,0.0071307452664399,rmse_table_all_1000.csv
1000,5,1.0,40,0.2281089097261429,0.004330150304506,rmse_table_all_1000.csv
1000,5,1.0,50,0.2274421572685241,0.008414964359616,rmse_table_all_1000.csv
1000,5,1.0,60,0.2284627646207809,0.0054033426978256,rmse_table_all_1000.csv
1000,5,1.0,70,0.231899431347847,0.00645518738754,rmse_table_all_1000.csv
1000,5,1.0,80,0.2375494956970215,0.0050841714196666,rmse_table_all_1000.csv
1000,5,1.0,90,0.2384254902601242,0.0032902735725486,rmse_table_all_1000.csv
1000,10,0.25,5,0.4984782814979553,0.0078192389040817,rmse_table_all_1000.csv
1000,10,0.25,15,0.2608183801174163,0.0189503986481636,rmse_table_all_1000.csv
1000,10,0.25,25,0.2028630882501602,0.0042861389239127,rmse_table_all_1000.csv
1000,10,0.25,35,0.1902549237012863,0.0087326293279365,rmse_table_all_1000.csv
1000,10,0.25,45,0.1799371629953384,0.0060816378677216,rmse_table_all_1000.csv
1000,10,0.25,55,0.15287307202816,0.0015533026789576,rmse_table_all_1000.csv
1000,10,0.25,65,0.1521257072687149,0.0061950547976532,rmse_table_all_1000.csv
1000,10,0.25,75,0.1391240954399109,0.0040784643561477,rmse_table_all_1000.csv
1000,10,0.25,85,0.1372906893491745,0.0081097601460172,rmse_table_all_1000.csv
1000,10,0.25,95,0.1365612298250198,0.0043541870879203,rmse_table_all_1000.csv
1000,10,0.25,105,0.1295898512005805,0.0033656239209307,rmse_table_all_1000.csv
1000,10,0.25,115,0.1267816409468651,0.0012487298759761,rmse_table_all_1000.csv
1000,10,0.25,125,0.1291466042399406,0.0042757293071322,rmse_table_all_1000.csv
1000,10,0.25,135,0.1335513323545455,0.0044664287223544,rmse_table_all_1000.csv
1000,10,0.25,145,0.1281106069684028,0.0034680250037773,rmse_table_all_1000.csv
1000,10,0.25,155,0.1291867509484291,0.0037914923676391,rmse_table_all_1000.csv
1000,10,0.25,165,0.1289950102567672,0.0035372749187422,rmse_table_all_1000.csv
1000,10,0.25,175,0.1292303323745727,0.0021951688788645,rmse_table_all_1000.csv
1000,10,0.25,185,0.133163583278656,0.0026941099292621,rmse_table_all_1000.csv
1000,10,0.25,195,0.1285658329725265,0.0029716362821648,rmse_table_all_1000.csv
1000,10,0.25,205,0.1297838538885116,0.0053079549311957,rmse_table_all_1000.csv
1000,10,0.25,215,0.1310282424092292,0.0049634974929894,rmse_table_all_1000.csv
1000,10,0.25,225,0.1389854729175567,0.0051438764246284,rmse_table_all_1000.csv
1000,10,0.25,235,0.1342690467834472,0.00346273234385,rmse_table_all_1000.csv
1000,10,0.25,245,0.1332647264003753,0.0052044047819501,rmse_table_all_1000.csv
1000,10,0.25,255,0.1303399473428726,0.0015445790748927,rmse_table_all_1000.csv
1000,10,0.25,265,0.1298390045762062,0.0034425922055625,rmse_table_all_1000.csv
1000,10,0.25,275,0.1320190072059631,0.0034961782976688,rmse_table_all_1000.csv
1000,10,0.25,285,0.1361285269260406,0.0046202453942992,rmse_table_all_1000.csv
1000,10,0.25,295,0.1345347672700882,0.0039827755373342,rmse_table_all_1000.csv
1000,10,0.25,305,0.1333223491907119,0.0024796449843077,rmse_table_all_1000.csv
1000,10,0.25,315,0.1346229791641235,0.002216468062059,rmse_table_all_1000.csv
1000,10,0.25,325,0.1384142279624939,0.0028049895583784,rmse_table_all_1000.csv
1000,10,0.25,335,0.1381036520004272,0.0033725421399266,rmse_table_all_1000.csv
1000,10,0.25,345,0.1359189450740814,0.0029108411689547,rmse_table_all_1000.csv
1000,10,0.25,355,0.1390451282262802,0.0048385466697832,rmse_table_all_1000.csv
1000,10,0.25,365,0.1377383202314376,0.0020252319677201,rmse_table_all_1000.csv
1000,10,0.25,375,0.1380067408084869,0.0038607246405264,rmse_table_all_1000.csv
1000,10,0.25,385,0.1405477434396743,0.0023805823051231,rmse_table_all_1000.csv
1000,10,0.25,395,0.1419149190187454,0.0053118765457239,rmse_table_all_1000.csv
1000,10,0.25,405,0.1379051029682159,0.0016445882571008,rmse_table_all_1000.csv
1000,10,0.25,415,0.140611732006073,0.002161787905921,rmse_table_all_1000.csv
1000,10,0.25,425,0.1435159116983413,0.004597151277102,rmse_table_all_1000.csv
1000,10,0.25,435,0.1415056437253952,0.0032824132054319,rmse_table_all_1000.csv
1000,10,0.25,445,0.1415659785270691,0.0014154206084832,rmse_table_all_1000.csv
1000,10,0.25,455,0.1408996492624283,0.0029165897961021,rmse_table_all_1000.csv
1000,10,0.25,465,0.1419345706701278,0.0027335911716659,rmse_table_all_1000.csv
1000,10,0.25,475,0.1454923838376998,0.0029056263722956,rmse_table_all_1000.csv
1000,10,0.25,485,0.1445161283016204,0.001174981330589,rmse_table_all_1000.csv
1000,10,0.25,495,0.14145028591156,0.0018118378390753,rmse_table_all_1000.csv
1000,10,1.0,30,0.3066292524337768,0.0198938967411833,rmse_table_all_1000.csv
1000,10,1.0,40,0.2692488133907318,0.0041180627090337,rmse_table_all_1000.csv
1000,10,1.0,50,0.2566617697477341,0.0092653039102099,rmse_table_all_1000.csv
1000,10,1.0,60,0.2569710969924926,0.0152252427120609,rmse_table_all_1000.csv
1000,10,1.0,70,0.2447734862565994,0.0124206032885017,rmse_table_all_1000.csv
1000,10,1.0,80,0.242237964272499,0.0052925169754223,rmse_table_all_1000.csv
1000,10,1.0,90,0.2472188681364059,0.0051022016242579,rmse_table_all_1000.csv
1000,10,1.0,100,0.2476799964904785,0.0110360045808212,rmse_table_all_1000.csv
1000,10,1.0,110,0.2471760392189025,0.0048741282019828,rmse_table_all_1000.csv
1000,10,1.0,120,0.2449313044548034,0.0029609097056611,rmse_table_all_1000.csv
1000,10,1.0,130,0.2456615030765533,0.0031375015678811,rmse_table_all_1000.csv
1000,10,1.0,140,0.2469842076301574,0.0069116628913779,rmse_table_all_1000.csv
1000,20,0.25,50,0.2611593276262283,0.0067476558447946,rmse_table_all_1000.csv
1000,20,0.25,70,0.2279628381133079,0.0056617294897556,rmse_table_all_1000.csv
1000,20,0.25,90,0.2039519697427749,0.0067230165548264,rmse_table_all_1000.csv
1000,20,0.25,110,0.1895921364426613,0.0030469209094129,rmse_table_all_1000.csv
1000,20,0.25,130,0.1874578535556793,0.0077935920587442,rmse_table_all_1000.csv
1000,20,0.25,150,0.1728039681911468,0.0113199720950065,rmse_table_all_1000.csv
1000,20,0.25,170,0.1655108138918876,0.0068118050305739,rmse_table_all_1000.csv
1000,20,0.25,190,0.1654692664742469,0.0065755922732156,rmse_table_all_1000.csv
1000,20,0.25,210,0.1638228252530097,0.0068105363176913,rmse_table_all_1000.csv
1000,20,0.25,230,0.1611083582043647,0.0042409142361878,rmse_table_all_1000.csv
1000,20,0.25,250,0.1631714433431625,0.0071140090198051,rmse_table_all_1000.csv
1000,20,0.25,270,0.163646513223648,0.005861505918586,rmse_table_all_1000.csv
1000,20,0.25,290,0.1571341425180435,0.0034818666663589,rmse_table_all_1000.csv
1000,20,0.25,310,0.1586314618587493,0.0071876447284236,rmse_table_all_1000.csv
1000,20,0.25,330,0.1582971885800361,0.0065079669072795,rmse_table_all_1000.csv
1000,20,0.25,350,0.1591977760195732,0.0051615866400117,rmse_table_all_1000.csv
1000,20,0.25,370,0.1581333488225937,0.0067445813231185,rmse_table_all_1000.csv
1000,20,0.25,390,0.156024369597435,0.006254395253983,rmse_table_all_1000.csv
1000,20,0.5,150,0.2298142910003662,0.0093897724469286,rmse_table_all_1000.csv
1000,20,0.5,160,0.2250624656677246,0.0040872045076482,rmse_table_all_1000.csv
1000,20,0.5,170,0.2304995387792587,0.0138108644873673,rmse_table_all_1000.csv
1000,20,0.5,180,0.2252514660358429,0.0109001328845839,rmse_table_all_1000.csv
1000,20,0.5,190,0.2229403734207153,0.0051136683314987,rmse_table_all_1000.csv
1000,20,0.5,200,0.2177730411291122,0.0043870532539443,rmse_table_all_1000.csv
1000,20,0.5,210,0.2261291623115539,0.0092288078306648,rmse_table_all_1000.csv
1000,20,0.5,220,0.2160211861133575,0.0065288321323014,rmse_table_all_1000.csv
1000,20,0.5,230,0.2175298690795898,0.0063614528482906,rmse_table_all_1000.csv
1000,20,0.5,240,0.2176696181297302,0.0044365125576857,rmse_table_all_1000.csv
1000,20,0.5,250,0.2144352823495864,0.0047614215584463,rmse_table_all_1000.csv
1000,20,0.5,260,0.2189383298158645,0.0048061179694069,rmse_table_all_1000.csv
1000,20,0.5,270,0.2162402838468551,0.0028871413796656,rmse_table_all_1000.csv
1000,20,0.5,280,0.2145891070365905,0.0065031092041075,rmse_table_all_1000.csv
1000,20,0.5,290,0.2173406809568405,0.0029391374008466,rmse_table_all_1000.csv
1000,20,0.5,300,0.2201608628034591,0.0081767114999816,rmse_table_all_1000.csv
1000,20,1.0,80,0.3271147787570953,0.0156707162334075,rmse_table_all_1000.csv
1000,20,1.0,100,0.3005316853523254,0.0056762130310768,rmse_table_all_1000.csv
1000,20,1.0,120,0.2864421069622039,0.0012405345423348,rmse_table_all_1000.csv
1000,20,1.0,140,0.2839486122131348,0.0040281158914271,rmse_table_all_1000.csv
1000,20,1.0,160,0.2796872496604919,0.0032475990727534,rmse_table_all_1000.csv
1000,20,1.0,180,0.2785191118717193,0.0054430741737207,rmse_table_all_1000.csv
1000,20,1.0,200,0.2769495248794555,0.0025980712777634,rmse_table_all_1000.csv
1000,20,1.0,220,0.2719301700592041,0.0025364376261943,rmse_table_all_1000.csv
1000,20,1.0,240,0.2703438818454742,0.0023910133964325,rmse_table_all_1000.csv
1000,20,1.0,260,0.2738441348075867,0.0017398487038368,rmse_table_all_1000.csv
1000,20,1.0,280,0.273153692483902,0.0016434548716352,rmse_table_all_1000.csv
1000,20,1.0,300,0.2746949076652527,0.005155247136648,rmse_table_all_1000.csv
1000,50,0.25,600,0.2622458587090174,0.0147501742476924,rmse_table_all_1000.csv
1000,50,0.25,750,0.2399362275997797,0.0004467489690057,rmse_table_all_1000.csv
1000,50,0.25,900,0.2539277573426564,0.0022226064752554,rmse_table_all_1000.csv
1000,50,0.25,1050,0.2310883303483327,0.0097127744373696,rmse_table_all_1000.csv
1000,50,0.25,1200,0.2286035617192586,0.0025227943973196,rmse_table_all_1000.csv
1000,50,0.25,1350,0.2277865509192148,0.002944477990708,rmse_table_all_1000.csv
1000,50,0.5,200,0.3298025131225586,0.0132709979428781,rmse_table_all_1000.csv
1000,50,0.5,260,0.305366986989975,0.0045207041523261,rmse_table_all_1000.csv
1000,50,0.5,320,0.2880496263504028,0.0076558251004854,rmse_table_all_1000.csv
1000,50,0.5,380,0.2769751369953155,0.0102648259275095,rmse_table_all_1000.csv
1000,50,0.5,440,0.2709555625915527,0.0052060775481459,rmse_table_all_1000.csv
1000,50,0.5,500,0.2696141958236694,0.0042217608002453,rmse_table_all_1000.csv
1000,50,0.5,560,0.2697422683238983,0.0076048930008889,rmse_table_all_1000.csv
1000,50,0.5,620,0.2647094666957855,0.004966300364195,rmse_table_all_1000.csv
1000,50,0.5,680,0.2607098996639251,0.0028566585777938,rmse_table_all_1000.csv
1000,50,1.0,150,0.4396052837371826,0.0123829026924945,rmse_table_all_1000.csv
1000,50,1.0,170,0.4274287819862366,0.0100356132190998,rmse_table_all_1000.csv
1000,50,1.0,190,0.4192082643508911,0.0034561845633308,rmse_table_all_1000.csv
1000,50,1.0,210,0.409383076429367,0.0053888141674685,rmse_table_all_1000.csv
1000,50,1.0,230,0.4059148788452148,0.0113539776345825,rmse_table_all_1000.csv
1000,50,1.0,250,0.4071347951889038,0.0088476703335681,rmse_table_all_1000.csv
1000,50,1.0,270,0.4007293045520782,0.008220469638382,rmse_table_all_1000.csv
1000,50,1.0,290,0.4022697806358337,0.0027349165480379,rmse_table_all_1000.csv
2000,5,0.25,10,0.143430334329605,0.0115586969713653,rmse_table_all_2000.csv
2000,5,0.25,25,0.106691688299179,0.0026198787472705,rmse_table_all_2000.csv
2000,5,0.25,40,0.0991725400090217,0.0039019668075309,rmse_table_all_2000.csv
2000,5,0.25,55,0.0904189258813858,0.0026147400280107,rmse_table_all_2000.csv
2000,5,0.25,70,0.0852778442203998,0.0016714093859399,rmse_table_all_2000.csv
2000,5,0.25,85,0.0824148580431938,0.0012078127203892,rmse_table_all_2000.csv
2000,5,0.25,100,0.081501980125904,0.0013385189408436,rmse_table_all_2000.csv
2000,5,0.25,115,0.0796267427504062,0.0013030828117979,rmse_table_all_2000.csv
2000,5,0.25,130,0.0800180315971374,0.0012574049295449,rmse_table_all_2000.csv
2000,5,0.25,145,0.0798844762146473,0.0009788416506523,rmse_table_all_2000.csv
2000,5,0.25,160,0.0807528465986251,0.0008870600026065,rmse_table_all_2000.csv
2000,5,0.5,10,0.186679385602474,0.0149608519623348,rmse_table_all_2000.csv
2000,5,0.5,20,0.150808817148209,0.0084203557987977,rmse_table_all_2000.csv
2000,5,0.5,30,0.136662915349007,0.003473212057119,rmse_table_all_2000.csv
2000,5,0.5,40,0.12859048768878,0.0033559622165307,rmse_table_all_2000.csv
2000,5,0.5,50,0.125019513815641,0.002719457170911,rmse_table_all_2000.csv
2000,5,0.5,60,0.121215932816267,0.0018504873611573,rmse_table_all_2000.csv
2000,5,0.5,70,0.121765735000372,0.0024105051702885,rmse_table_all_2000.csv
2000,5,0.5,80,0.121464262157679,0.0023537132124022,rmse_table_all_2000.csv
2000,5,0.5,90,0.120684250444174,0.0025699856419294,rmse_table_all_2000.csv
2000,5,0.5,100,0.121735100448132,0.0017674413114101,rmse_table_all_2000.csv
2000,5,0.5,110,0.121887527406216,0.0020704978157631,rmse_table_all_2000.csv
2000,5,0.5,120,0.123934383690357,0.001307221836816,rmse_table_all_2000.csv
2000,5,0.5,130,0.125541458278894,0.0014708325255962,rmse_table_all_2000.csv
2000,5,0.5,140,0.125916633009911,0.0005805532572847,rmse_table_all_2000.csv
2000,5,1.0,10,0.266588705778122,0.0158836072289354,rmse_table_all_2000.csv
2000,5,1.0,20,0.201914021372795,0.0021908695852299,rmse_table_all_2000.csv
2000,5,1.0,30,0.187043440341949,0.0034663263412425,rmse_table_all_2000.csv
2000,5,1.0,40,0.184414520859718,0.0045459831766564,rmse_table_all_2000.csv
2000,5,1.0,50,0.181723183393478,0.0034737574048133,rmse_table_all_2000.csv
2000,5,1.0,60,0.186320695281029,0.0028102125952293,rmse_table_all_2000.csv
2000,5,1.0,70,0.19199655354023,0.0054910641730598,rmse_table_all_2000.csv
2000,5,1.0,80,0.193035236001015,0.0035948801282595,rmse_table_all_2000.csv
2000,5,1.0,90,0.195239359140396,0.0023288363059712,rmse_table_all_2000.csv
2000,5,1.0,100,0.199523144960403,0.0041300241363754,rmse_table_all_2000.csv
2000,5,1.0,110,0.201089334487915,0.002857529069104,rmse_table_all_2000.csv
2000,5,1.0,120,0.208008337020874,0.0018564759845671,rmse_table_all_2000.csv
2000,5,1.0,130,0.211228302121162,0.0023810866040058,rmse_table_all_2000.csv
2000,5,1.0,140,0.212134405970573,0.0014024211486806,rmse_table_all_2000.csv
2000,10,0.25,10,0.298445612192154,0.014446351506607,rmse_table_all_2000.csv
2000,10,0.25,30,0.151458346843719,0.0065235379144474,rmse_table_all_2000.csv
2000,10,0.25,50,0.13272642493248,0.0036125319162528,rmse_table_all_2000.csv
2000,10,0.25,70,0.120438493788242,0.0053044588238646,rmse_table_all_2000.csv
2000,10,0.25,90,0.108968678861856,0.0036238789492972,rmse_table_all_2000.csv
2000,10,0.25,110,0.103548195213079,0.0031350022624459,rmse_table_all_2000.csv
2000,10,0.25,130,0.0975339487195015,0.0026591897210896,rmse_table_all_2000.csv
2000,10,0.25,150,0.0956311181187629,0.0026299994632894,rmse_table_all_2000.csv
2000,10,0.25,170,0.0953136980533599,0.0022368933704756,rmse_table_all_2000.csv
2000,10,0.25,190,0.0968996651470661,0.0014946625716901,rmse_table_all_2000.csv
2000,10,0.25,210,0.0958050340414047,0.0018441082429788,rmse_table_all_2000.csv
2000,10,0.25,230,0.0959875255823135,0.0016963786347049,rmse_table_all_2000.csv
2000,10,0.5,10,0.31574285030365,0.0143538393640362,rmse_table_all_2000.csv
2000,10,0.5,20,0.225838762521744,0.0112921945982923,rmse_table_all_2000.csv
2000,10,0.5,30,0.200478912889957,0.0080502283943426,rmse_table_all_2000.csv
2000,10,0.5,40,0.182438215613365,0.0062653641263491,rmse_table_all_2000.csv
2000,10,0.5,50,0.164345499873161,0.0052765673351597,rmse_table_all_2000.csv
2000,10,0.5,60,0.153500956296921,0.0049227271703153,rmse_table_all_2000.csv
2000,10,0.5,70,0.14795268625021,0.0038604455704983,rmse_table_all_2000.csv
2000,10,0.5,80,0.142825195193291,0.0038966181825034,rmse_table_all_2000.csv
2000,10,0.5,90,0.140245172381401,0.0020033192851564,rmse_table_all_2000.csv
2000,10,0.5,100,0.139614626765251,0.0028621114364016,rmse_table_all_2000.csv
2000,10,0.5,110,0.139304429292679,0.0022757592570477,rmse_table_all_2000.csv
2000,10,0.5,120,0.13983987569809,0.0034839115058295,rmse_table_all_2000.csv
2000,10,0.5,130,0.138938681781292,0.0021513481658191,rmse_table_all_2000.csv
2000,10,0.5,140,0.138307406008244,0.0025647542107773,rmse_table_all_2000.csv
2000,10,0.5,150,0.13909609913826,0.0022366401935334,rmse_table_all_2000.csv
2000,10,0.5,160,0.139496752619743,0.0015147100014328,rmse_table_all_2000.csv
2000,10,1.0,10,0.374292081594467,0.0062942510014794,rmse_table_all_2000.csv
2000,10,1.0,20,0.292287176847458,0.0048206936867903,rmse_table_all_2000.csv
2000,10,1.0,30,0.248428317904472,0.0104242489377821,rmse_table_all_2000.csv
2000,10,1.0,40,0.241829559206963,0.0110250136236591,rmse_table_all_2000.csv
2000,10,1.0,50,0.220367956161499,0.0175910919784675,rmse_table_all_2000.csv
2000,10,1.0,60,0.21428425014019,0.0090872971760526,rmse_table_all_2000.csv
2000,10,1.0,70,0.214129590988159,0.0076180127337926,rmse_table_all_2000.csv
2000,10,1.0,80,0.212118503451347,0.0049623532793109,rmse_table_all_2000.csv
2000,10,1.0,90,0.210554757714272,0.0046683770491312,rmse_table_all_2000.csv
2000,10,1.0,100,0.206443205475807,0.004406411655836,rmse_table_all_2000.csv
2000,10,1.0,110,0.209584298729897,0.005419314674269,rmse_table_all_2000.csv
2000,10,1.0,120,0.213294503092766,0.0015627348883132,rmse_table_all_2000.csv
2000,10,1.0,130,0.218398383259773,0.0020270785917324,rmse_table_all_2000.csv
2000,10,1.0,140,0.219054669141769,0.0026225462899292,rmse_table_all_2000.csv
2000,20,0.25,100,0.164102432131767,0.0040711821760269,rmse_table_all_2000.csv
2000,20,0.25,150,0.143664020299912,0.0046728275721659,rmse_table_all_2000.csv
2000,20,0.25,200,0.132877635955811,0.0011625515112429,rmse_table_all_2000.csv
2000,20,0.25,250,0.123970817029476,0.0029156527137124,rmse_table_all_2000.csv
2000,20,0.25,300,0.122250516712666,0.0042219402042289,rmse_table_all_2000.csv
2000,20,0.25,350,0.122572591900826,0.0029311536758154,rmse_table_all_2000.csv
2000,20,0.25,400,0.124521751701832,0.000814569269487,rmse_table_all_2000.csv
2000,20,0.25,450,0.122323866188526,0.0034611616967165,rmse_table_all_2000.csv
2000,20,0.25,500,0.12498662173748,0.0030250260434061,rmse_table_all_2000.csv
2000,20,0.25,550,0.124221673607826,0.0015207669976832,rmse_table_all_2000.csv
2000,20,0.25,600,0.125654037296772,0.0037574455265395,rmse_table_all_2000.csv
2000,20,0.5,50,0.254337283968925,0.0053349952483187,rmse_table_all_2000.csv
2000,20,0.5,80,0.208287316560745,0.0092795914846332,rmse_table_all_2000.csv
2000,20,0.5,110,0.189872369170189,0.006924005441247,rmse_table_all_2000.csv
2000,20,0.5,140,0.180277553200722,0.0048536020935416,rmse_table_all_2000.csv
2000,20,0.5,170,0.171452420949936,0.0039730198861604,rmse_table_all_2000.csv
2000,20,0.5,200,0.173795694112778,0.0037336461429327,rmse_table_all_2000.csv
2000,20,0.5,230,0.168971648812294,0.0032792108737645,rmse_table_all_2000.csv
2000,20,0.5,260,0.166009837388992,0.003624328993745,rmse_table_all_2000.csv
2000,20,0.5,290,0.166197991371155,0.0033557686616257,rmse_table_all_2000.csv
2000,20,0.5,320,0.169095319509506,0.0043884256755112,rmse_table_all_2000.csv
2000,20,1.0,10,0.585110199451447,0.0195568788143307,rmse_table_all_2000.csv
2000,20,1.0,20,0.440818667411804,0.0127383549891254,rmse_table_all_2000.csv
2000,20,1.0,30,0.375044065713882,0.0074764558567714,rmse_table_all_2000.csv
2000,20,1.0,40,0.329875141382217,0.0090154812249736,rmse_table_all_2000.csv
2000,20,1.0,50,0.305745923519135,0.0145626891348074,rmse_table_all_2000.csv
2000,20,1.0,60,0.290416294336319,0.0070742966346184,rmse_table_all_2000.csv
2000,20,1.0,70,0.280827003717423,0.0064988629837867,rmse_table_all_2000.csv
2000,20,1.0,80,0.269139689207077,0.0056887964878584,rmse_table_all_2000.csv
2000,20,1.0,90,0.264222979545593,0.0049742046721646,rmse_table_all_2000.csv
2000,20,1.0,100,0.259239566326141,0.0071992009672763,rmse_table_all_2000.csv
2000,20,1.0,110,0.257598847150803,0.009383712849236,rmse_table_all_2000.csv
2000,20,1.0,120,0.254383406043053,0.0042221080934133,rmse_table_all_2000.csv
2000,20,1.0,130,0.256511515378952,0.0065777057781673,rmse_table_all_2000.csv
2000,20,1.0,140,0.253891095519066,0.0044661870269133,rmse_table_all_2000.csv
2000,50,0.25,100,0.313278022408485,0.0065053556594443,rmse_table_all_2000.csv
2000,50,0.25,200,0.234417551755905,0.0043537145689883,rmse_table_all_2000.csv
2000,50,0.25,300,0.207357783615589,0.0047274526552902,rmse_table_all_2000.csv
2000,50,0.25,400,0.196268479526043,0.0037850044399093,rmse_table_all_2000.csv
2000,50,0.25,500,0.187019522488117,0.0047715353859944,rmse_table_all_2000.csv
2000,50,0.25,600,0.188940595090389,0.0051912714827129,rmse_table_all_2000.csv
2000,50,0.25,700,0.193108078837395,0.0088632820266094,rmse_table_all_2000.csv
2000,50,0.25,800,0.194438542425632,0.0112810148476411,rmse_table_all_2000.csv
2000,50,0.5,100,0.353178799152374,0.004270810621296,rmse_table_all_2000.csv
2000,50,0.5,150,0.306297123432159,0.0100366556872788,rmse_table_all_2000.csv
2000,50,0.5,200,0.274561828374863,0.0078997432410363,rmse_table_all_2000.csv
2000,50,0.5,250,0.260416901111603,0.0043925673782317,rmse_table_all_2000.csv
2000,50,0.5,300,0.2554243683815,0.0061580018361879,rmse_table_all_2000.csv
2000,50,0.5,350,0.250470364093781,0.0063730600210574,rmse_table_all_2000.csv
2000,50,0.5,400,0.246193563938141,0.0059992790933314,rmse_table_all_2000.csv
2000,50,0.5,450,0.24424332678318,0.003604718196374,rmse_table_all_2000.csv
2000,50,0.5,500,0.23980787396431,0.0041458625301107,rmse_table_all_2000.csv
2000,50,0.5,550,0.237755399942398,0.0019153372201814,rmse_table_all_2000.csv
2000,50,0.5,600,0.240652415156364,0.0052418663515691,rmse_table_all_2000.csv
2000,50,1.0,10,0.806173455715179,0.0142126131757744,rmse_table_all_2000.csv
2000,50,1.0,30,0.618318784236908,0.0207609726087184,rmse_table_all_2000.csv
2000,50,1.0,50,0.520290362834931,0.0112389152732095,rmse_table_all_2000.csv
2000,50,1.0,70,0.480564057826996,0.0110587253713321,rmse_table_all_2000.csv
2000,50,1.0,90,0.434116262197495,0.0174883673278479,rmse_table_all_2000.csv
2000,50,1.0,110,0.422453629970551,0.0093124407950648,rmse_table_all_2000.csv
2000,50,1.0,130,0.403202050924301,0.0098154572778257,rmse_table_all_2000.csv
2000,50,1.0,150,0.384770703315735,0.0099025819623498,rmse_table_all_2000.csv
2000,50,1.0,170,0.37829715013504,0.0104430257190015,rmse_table_all_2000.csv
2000,50,1.0,190,0.375464063882828,0.0099482920503366,rmse_table_all_2000.csv
2000,50,1.0,210,0.368611747026444,0.008264248875164,rmse_table_all_2000.csv
2000,50,1.0,230,0.3597796022892,0.0046878272839231,rmse_table_all_2000.csv
2000,50,1.0,250,0.357031118869782,0.0076993713869155,rmse_table_all_2000.csv
2000,50,1.0,270,0.357512176036835,0.0075114212799084,rmse_table_all_2000.csv
2000,50,1.0,290,0.358933758735657,0.0025663890618138,rmse_table_all_2000.csv
5000,5,0.25,10,0.129513827711344,0.0118727975154936,rmse_table_all_5000.csv
5000,5,0.25,20,0.0826536312699317,0.0025874963155403,rmse_table_all_5000.csv
5000,5,0.25,30,0.078514214605093,0.0047508125144751,rmse_table_all_5000.csv
5000,5,0.25,40,0.0716192662715911,0.0017938348483338,rmse_table_all_5000.csv
5000,5,0.25,50,0.0679709285497665,0.0016579150713952,rmse_table_all_5000.csv
5000,5,0.25,60,0.0657592579722404,0.0020436608734566,rmse_table_all_5000.csv
5000,5,0.25,70,0.0636103861033916,0.0017435517058547,rmse_table_all_5000.csv
5000,5,0.25,80,0.0610538974404335,0.0009848983394728,rmse_table_all_5000.csv
5000,5,0.25,90,0.0593041516840457,0.0012340770645704,rmse_table_all_5000.csv
5000,5,0.25,100,0.0573532082140445,0.0010548482226456,rmse_table_all_5000.csv
5000,5,0.25,110,0.0561233695596456,0.0008303114666796,rmse_table_all_5000.csv
5000,5,0.25,120,0.056385400891304,0.0017922610694712,rmse_table_all_5000.csv
5000,5,0.25,130,0.055023369193077,0.0011995741443337,rmse_table_all_5000.csv
5000,5,0.25,140,0.0548967562615871,0.0013373640805205,rmse_table_all_5000.csv
5000,5,0.25,150,0.0543279193341732,0.0013859356535197,rmse_table_all_5000.csv
5000,5,0.25,160,0.0544412765651941,0.0006828061513476,rmse_table_all_5000.csv
5000,5,0.25,170,0.0538096725940704,0.0009337821813083,rmse_table_all_5000.csv
5000,5,0.25,180,0.054909985885024,0.0011484256443196,rmse_table_all_5000.csv
5000,5,0.25,190,0.0550012327730655,0.0010487533913311,rmse_table_all_5000.csv
5000,5,0.25,200,0.0544844005256891,0.0009765352513027,rmse_table_all_5000.csv
5000,5,0.25,210,0.0545386839658021,0.0009090307647028,rmse_table_all_5000.csv
5000,5,0.25,220,0.055804393440485,0.0012123377513344,rmse_table_all_5000.csv
5000,5,0.25,230,0.0557419117540121,0.0010927096307322,rmse_table_all_5000.csv
5000,5,0.25,240,0.0556917246431112,0.0009143645849523,rmse_table_all_5000.csv
5000,5,0.5,10,0.156795239448547,0.0095601016934423,rmse_table_all_5000.csv
5000,5,0.5,20,0.125910103321075,0.0052472291213434,rmse_table_all_5000.csv
5000,5,0.5,30,0.11804886162281,0.008443889744879,rmse_table_all_5000.csv
5000,5,0.5,40,0.106732897460461,0.001734145752693,rmse_table_all_5000.csv
5000,5,0.5,50,0.101691824197769,0.002515858880302,rmse_table_all_5000.csv
5000,5,0.5,60,0.0956617578864097,0.0020654936380701,rmse_table_all_5000.csv
5000,5,0.5,70,0.0948545306921005,0.0024688308583159,rmse_table_all_5000.csv
5000,5,0.5,80,0.0901353165507316,0.0016074468567169,rmse_table_all_5000.csv
5000,5,0.5,90,0.0888602912425994,0.0015732899449035,rmse_table_all_5000.csv
5000,5,0.5,100,0.0885760024189949,0.001729690704434,rmse_table_all_5000.csv
5000,5,0.5,110,0.0896062090992927,0.0031336687219879,rmse_table_all_5000.csv
5000,5,0.5,120,0.0889365583658218,0.0010539517728624,rmse_table_all_5000.csv
5000,5,0.5,130,0.0874061062932014,0.0008520879351324,rmse_table_all_5000.csv
5000,5,0.5,140,0.0908057704567909,0.0030026484461348,rmse_table_all_5000.csv
5000,5,1.0,10,0.211406350135803,0.0072597514370813,rmse_table_all_5000.csv
5000,5,1.0,20,0.190767282247543,0.0092822366463572,rmse_table_all_5000.csv
5000,5,1.0,30,0.162969893217087,0.0023187279299801,rmse_table_all_5000.csv
5000,5,1.0,40,0.151092582941055,0.0027165968702448,rmse_table_all_5000.csv
5000,5,1.0,50,0.143572336435318,0.0025394259459406,rmse_table_all_5000.csv
5000,5,1.0,60,0.142732271552086,0.0017699867112234,rmse_table_all_5000.csv
5000,5,1.0,70,0.141754734516144,0.00538857073882,rmse_table_all_5000.csv
5000,5,1.0,80,0.145082733035088,0.0030885502136074,rmse_table_all_5000.csv
5000,5,1.0,90,0.145363554358482,0.0026988877291836,rmse_table_all_5000.csv
5000,5,1.0,100,0.145885843038559,0.0032938449940029,rmse_table_all_5000.csv
5000,5,1.0,110,0.149694412946701,0.0021832529726188,rmse_table_all_5000.csv
5000,5,1.0,120,0.150409153103828,0.0026384565942301,rmse_table_all_5000.csv
5000,5,1.0,130,0.152937024831772,0.002294324468593,rmse_table_all_5000.csv
5000,5,1.0,140,0.15343374311924,0.0044625607327287,rmse_table_all_5000.csv
5000,10,0.25,5,0.508494830131531,0.0190716276514003,rmse_table_all_5000.csv
5000,10,0.25,15,0.202918630838394,0.0090290168162588,rmse_table_all_5000.csv
5000,10,0.25,25,0.143874287605286,0.0033837805460026,rmse_table_all_5000.csv
5000,10,0.25,35,0.117427141964436,0.0036071811804989,rmse_table_all_5000.csv
5000,10,0.25,45,0.114417518675327,0.004872940519277,rmse_table_all_5000.csv
5000,10,0.25,55,0.100709269940853,0.000882274255888,rmse_table_all_5000.csv
5000,10,0.25,65,0.100523707270622,0.0026266638438881,rmse_table_all_5000.csv
5000,10,0.25,75,0.0955718755722045,0.0015957670154691,rmse_table_all_5000.csv
5000,10,0.25,85,0.0941526532173156,0.0027525593907077,rmse_table_all_5000.csv
5000,10,0.25,95,0.0916966661810874,0.00128369985172,rmse_table_all_5000.csv
5000,10,0.25,105,0.0875386908650398,0.0032436315579666,rmse_table_all_5000.csv
5000,10,0.25,115,0.0856337115168571,0.0016193453013034,rmse_table_all_5000.csv
5000,10,0.25,125,0.0812115550041198,0.0018841978080871,rmse_table_all_5000.csv
5000,10,0.25,135,0.0807155400514602,0.0012091223507379,rmse_table_all_5000.csv
5000,10,0.25,145,0.0828445836901664,0.0024335362090659,rmse_table_all_5000.csv
5000,10,0.25,155,0.0798514202237129,0.0011899575819157,rmse_table_all_5000.csv
5000,10,0.25,165,0.0794924601912498,0.0009461411397095,rmse_table_all_5000.csv
5000,10,0.25,175,0.0776318773627281,0.0013887965770163,rmse_table_all_5000.csv
5000,10,0.25,185,0.0780134856700897,0.0008239513560214,rmse_table_all_5000.csv
5000,10,0.25,195,0.0770088717341423,0.0012063341630005,rmse_table_all_5000.csv
5000,10,0.25,205,0.077079452574253,0.0007680503960513,rmse_table_all_5000.csv
5000,10,0.25,215,0.0770973652601242,0.001406625189562,rmse_table_all_5000.csv
5000,10,0.25,225,0.0766066148877143,0.0020739490710944,rmse_table_all_5000.csv
5000,10,0.25,235,0.0754776656627655,0.0012137042485293,rmse_table_all_5000.csv
5000,10,0.25,245,0.0768462941050529,0.0022182917834411,rmse_table_all_5000.csv
5000,10,0.25,255,0.0758798018097877,0.0015386939651942,rmse_table_all_5000.csv
5000,10,0.25,265,0.0765746742486953,0.0015082937407123,rmse_table_all_5000.csv
5000,10,0.25,275,0.0761472553014755,0.0014478541424138,rmse_table_all_5000.csv
5000,10,0.25,285,0.0765443667769432,0.0012910977751832,rmse_table_all_5000.csv
5000,10,0.25,295,0.0755459532141685,0.0010439938601702,rmse_table_all_5000.csv
5000,10,0.25,305,0.0777020767331123,0.0022598599287328,rmse_table_all_5000.csv
5000,10,0.25,315,0.0780957847833633,0.0018486479235183,rmse_table_all_5000.csv
5000,10,0.25,325,0.0776230111718177,0.0005012534231937,rmse_table_all_5000.csv
5000,10,0.25,335,0.0773219525814056,0.0021996665304781,rmse_table_all_5000.csv
5000,10,0.25,345,0.0782090082764625,0.0015140141740864,rmse_table_all_5000.csv
5000,10,0.25,355,0.0788090124726295,0.0007841540917428,rmse_table_all_5000.csv
5000,10,0.25,365,0.0778028488159179,0.0011291660514704,rmse_table_all_5000.csv
5000,10,0.25,375,0.0779461473226547,0.0014846886288271,rmse_table_all_5000.csv
5000,10,0.25,385,0.0796533271670341,0.003471787106722,rmse_table_all_5000.csv
5000,10,0.25,395,0.0799022600054741,0.0012329171878666,rmse_table_all_5000.csv
5000,10,0.25,405,0.0788088709115982,0.0021822544977214,rmse_table_all_5000.csv
5000,10,0.25,415,0.0790506318211555,0.0010929220656802,rmse_table_all_5000.csv
5000,10,0.25,425,0.0821102052927017,0.0009301113972403,rmse_table_all_5000.csv
5000,10,0.25,435,0.0824017569422721,0.0014759646560075,rmse_table_all_5000.csv
5000,10,0.25,445,0.0804749235510826,0.0015434788546063,rmse_table_all_5000.csv
5000,10,0.25,455,0.0809575796127319,0.0007918294928121,rmse_table_all_5000.csv
5000,10,0.25,465,0.0807882905006408,0.0020150603768087,rmse_table_all_5000.csv
5000,10,0.25,475,0.0822223365306854,0.0005872254335961,rmse_table_all_5000.csv
5000,10,0.25,485,0.081609359383583,0.0012310856843203,rmse_table_all_5000.csv
5000,10,0.25,495,0.0830846026539802,0.0014121016718605,rmse_table_all_5000.csv
5000,10,0.5,10,0.297073423862457,0.0087437604876962,rmse_table_all_5000.csv
5000,10,0.5,25,0.172641369700432,0.0047714960770659,rmse_table_all_5000.csv
5000,10,0.5,40,0.1533501714468,0.0048018348942425,rmse_table_all_5000.csv
5000,10,0.5,55,0.145858809351921,0.0025360469527397,rmse_table_all_5000.csv
5000,10,0.5,70,0.13800536096096,0.0018778964422225,rmse_table_all_5000.csv
5000,10,0.5,85,0.131386184692383,0.0022728151163962,rmse_table_all_5000.csv
5000,10,0.5,100,0.122468529641628,0.0019441437121137,rmse_table_all_5000.csv
5000,10,0.5,115,0.121487431228161,0.001543955280865,rmse_table_all_5000.csv
5000,10,0.5,130,0.118990245461464,0.0013943410823218,rmse_table_all_5000.csv
5000,10,0.5,145,0.11700643748045,0.0025439918215217,rmse_table_all_5000.csv
5000,10,0.5,160,0.115437653660774,0.0010455988923408,rmse_table_all_5000.csv
5000,10,0.5,175,0.116326670348644,0.0021662957846268,rmse_table_all_5000.csv
5000,10,0.5,190,0.115276072919369,0.0027917271188652,rmse_table_all_5000.csv
5000,10,0.5,205,0.115100730955601,0.0026848013816411,rmse_table_all_5000.csv
5000,10,0.5,220,0.115953150391579,0.0022349425044028,rmse_table_all_5000.csv
5000,10,0.5,235,0.116614988446236,0.0023235386938165,rmse_table_all_5000.csv
5000,10,1.0,10,0.350145179033279,0.0167220180168769,rmse_table_all_5000.csv
5000,10,1.0,30,0.233787605166435,0.0125888126554336,rmse_table_all_5000.csv
5000,10,1.0,50,0.201469486951828,0.0028592426798739,rmse_table_all_5000.csv
5000,10,1.0,70,0.195446190237999,0.0058530675421639,rmse_table_all_5000.csv
5000,10,1.0,90,0.187659674882889,0.0024700752812338,rmse_table_all_5000.csv
5000,10,1.0,110,0.183760964870453,0.0018972079620383,rmse_table_all_5000.csv
5000,10,1.0,130,0.189473503828049,0.00296447348355,rmse_table_all_5000.csv
5000,10,1.0,150,0.188129550218582,0.0057285632065356,rmse_table_all_5000.csv
5000,10,1.0,170,0.185527163743973,0.0030008088862148,rmse_table_all_5000.csv
5000,10,1.0,190,0.192735353112221,0.0013709114008093,rmse_table_all_5000.csv
5000,10,1.0,210,0.191407611966133,0.0027656287270007,rmse_table_all_5000.csv
5000,10,1.0,230,0.19678897857666,0.0042491479562223,rmse_table_all_5000.csv
5000,10,1.0,250,0.196231427788734,0.0022940568117558,rmse_table_all_5000.csv
5000,10,1.0,270,0.200548470020294,0.0010483599229315,rmse_table_all_5000.csv
5000,10,1.0,290,0.203498721122742,0.0028522176751976,rmse_table_all_5000.csv
5000,20,0.25,100,0.140690457820892,0.002036334765162,rmse_table_all_5000.csv
5000,20,0.25,120,0.129667329788208,0.0023094526228862,rmse_table_all_5000.csv
5000,20,0.25,140,0.12241063117981,0.0036920161492351,rmse_table_all_5000.csv
5000,20,0.25,160,0.118364763259888,0.0008082761763633,rmse_table_all_5000.csv
5000,20,0.25,180,0.111957573890686,0.0014744171110313,rmse_table_all_5000.csv
5000,20,0.25,200,0.110396657884121,0.0022706862628029,rmse_table_all_5000.csv
5000,20,0.25,220,0.107399816811085,0.0018073015188633,rmse_table_all_5000.csv
5000,20,0.25,240,0.106983305513859,0.002467673995024,rmse_table_all_5000.csv
5000,20,0.25,260,0.102748024463654,0.0009968502349387,rmse_table_all_5000.csv
5000,20,0.25,280,0.103229060769081,0.0019107102825783,rmse_table_all_5000.csv
5000,20,0.25,300,0.0999334946274757,0.0017277115140543,rmse_table_all_5000.csv
5000,20,0.25,320,0.100901621580124,0.0023159789016344,rmse_table_all_5000.csv
5000,20,0.25,340,0.100509421527386,0.0014455711193016,rmse_table_all_5000.csv
5000,20,0.25,360,0.0978169932961463,0.0028550682414545,rmse_table_all_5000.csv
5000,20,0.25,380,0.0999185964465141,0.0012877443032786,rmse_table_all_5000.csv
5000,20,0.25,400,0.0989981353282928,0.002639174013979,rmse_table_all_5000.csv
5000,20,0.25,420,0.0990098372101783,0.0019947569586519,rmse_table_all_5000.csv
5000,20,0.25,440,0.0987200587987899,0.0022127866546982,rmse_table_all_5000.csv
5000,20,0.25,460,0.09877220839262,0.002798505184312,rmse_table_all_5000.csv
5000,20,0.25,480,0.0997917130589485,0.0018377967850404,rmse_table_all_5000.csv
5000,20,0.5,10,0.49975084066391,0.0179884181207986,rmse_table_all_5000.csv
5000,20,0.5,25,0.297833371162415,0.0094048637771147,rmse_table_all_5000.csv
5000,20,0.5,40,0.24896634221077,0.0059395198184477,rmse_table_all_5000.csv
5000,20,0.5,55,0.223688957095146,0.0043691825026478,rmse_table_all_5000.csv
5000,20,0.5,70,0.206202420592308,0.0061896771691355,rmse_table_all_5000.csv
5000,20,0.5,85,0.192723307013512,0.0058782100710988,rmse_table_all_5000.csv
5000,20,0.5,100,0.181875962018967,0.0044241691290657,rmse_table_all_5000.csv
5000,20,0.5,115,0.174132511019707,0.0036820103403103,rmse_table_all_5000.csv
5000,20,0.5,130,0.169446846842766,0.0011335246564876,rmse_table_all_5000.csv
5000,20,0.5,145,0.165738660097122,0.0050247358102012,rmse_table_all_5000.csv
5000,20,0.5,160,0.158884811401367,0.0030654530097705,rmse_table_all_5000.csv
5000,20,0.5,175,0.155130904912949,0.0033036431785313,rmse_table_all_5000.csv
5000,20,0.5,190,0.1551414757967,0.0015832561167191,rmse_table_all_5000.csv
5000,20,0.5,205,0.155073028802872,0.0024220618628004,rmse_table_all_5000.csv
5000,20,0.5,220,0.150446748733521,0.0019449322096571,rmse_table_all_5000.csv
5000,20,0.5,235,0.151637840270996,0.0016133611810412,rmse_table_all_5000.csv
5000,20,1.0,50,0.284609001874924,0.0059101084934133,rmse_table_all_5000.csv
5000,20,1.0,70,0.257964053750038,0.0077666929453734,rmse_table_all_5000.csv
5000,20,1.0,90,0.245968791842461,0.0068993166422748,rmse_table_all_5000.csv
5000,20,1.0,110,0.242759385704994,0.0056082364449485,rmse_table_all_5000.csv
5000,20,1.0,130,0.232780531048775,0.0031789591881006,rmse_table_all_5000.csv
5000,20,1.0,150,0.234550055861473,0.0031880876964431,rmse_table_all_5000.csv
5000,20,1.0,170,0.234612074494362,0.0039375199970205,rmse_table_all_5000.csv
5000,20,1.0,190,0.232975795865059,0.0018757991220985,rmse_table_all_5000.csv
5000,20,1.0,210,0.239532059431076,0.0049098440439483,rmse_table_all_5000.csv
5000,20,1.0,230,0.235995423793793,0.0025018413392368,rmse_table_all_5000.csv
5000,20,1.0,250,0.23414760529995,0.0029053209535474,rmse_table_all_5000.csv
5000,20,1.0,270,0.236530959606171,0.0033918943800948,rmse_table_all_5000.csv
5000,20,1.0,290,0.240166947245598,0.0054046599953711,rmse_table_all_5000.csv
5000,20,1.0,310,0.24451068341732,0.0036234223520047,rmse_table_all_5000.csv
5000,20,1.0,330,0.242602550983429,0.0015670650593926,rmse_table_all_5000.csv
5000,50,0.25,400,0.15152083337307,0.0040991673482832,rmse_table_all_5000.csv
5000,50,0.25,450,0.148642536997795,0.0048864415791827,rmse_table_all_5000.csv
5000,50,0.25,500,0.147548794746399,0.0028868410984534,rmse_table_all_5000.csv
5000,50,0.25,550,0.140618163347244,0.0017482461171319,rmse_table_all_5000.csv
5000,50,0.25,600,0.139982491731644,0.0039030928022321,rmse_table_all_5000.csv
5000,50,0.25,650,0.142331489920616,0.0012905338440847,rmse_table_all_5000.csv
5000,50,0.25,700,0.143169194459915,0.0034964623653067,rmse_table_all_5000.csv
5000,50,0.25,750,0.139859333634377,0.0029028369837321,rmse_table_all_5000.csv
5000,50,0.25,800,0.13838018476963,0.002667096194152,rmse_table_all_5000.csv
5000,50,0.25,850,0.144043573737144,0.0044284477754178,rmse_table_all_5000.csv
5000,50,0.25,900,0.14058538377285,0.003122200534539,rmse_table_all_5000.csv
5000,50,0.25,950,0.140222904086113,0.0025329086103401,rmse_table_all_5000.csv
5000,50,0.5,100,0.308672159910202,0.0045559010236905,rmse_table_all_5000.csv
5000,50,0.5,140,0.264245194196701,0.0044356245753823,rmse_table_all_5000.csv
5000,50,0.5,180,0.249749073386192,0.0038253572602265,rmse_table_all_5000.csv
5000,50,0.5,220,0.236261469125748,0.0038007858672766,rmse_table_all_5000.csv
5000,50,0.5,260,0.222559762001038,0.0038922956549518,rmse_table_all_5000.csv
5000,50,0.5,300,0.215061861276627,0.0019922195013799,rmse_table_all_5000.csv
5000,50,0.5,340,0.216326346993446,0.0032102905128183,rmse_table_all_5000.csv
5000,50,0.5,380,0.20755717754364,0.0033607059196492,rmse_table_all_5000.csv
5000,50,0.5,420,0.20945757329464,0.0022531502722162,rmse_table_all_5000.csv
5000,50,0.5,460,0.205371111631393,0.0039540247763527,rmse_table_all_5000.csv
5000,50,1.0,100,0.361235898733139,0.0084280673120904,rmse_table_all_5000.csv
5000,50,1.0,120,0.34692297577858,0.0030410840258084,rmse_table_all_5000.csv
5000,50,1.0,140,0.331262457370758,0.0078663757272545,rmse_table_all_5000.csv
5000,50,1.0,160,0.32933315038681,0.0057708689333892,rmse_table_all_5000.csv
5000,50,1.0,180,0.319482928514481,0.0105135625986689,rmse_table_all_5000.csv
5000,50,1.0,200,0.32017827630043,0.0058508547295671,rmse_table_all_5000.csv
5000,50,1.0,220,0.313186877965927,0.0082525913671456,rmse_table_all_5000.csv
5000,50,1.0,240,0.313027781248093,0.0052564541091319,rmse_table_all_5000.csv
5000,50,1.0,260,0.308121997117996,0.0063553044859416,rmse_table_all_5000.csv
5000,50,1.0,280,0.299084198474884,0.005754388475644,rmse_table_all_5000.csv
5000,50,1.0,300,0.307683169841766,0.0035037053195376,rmse_table_all_5000.csv
5000,50,1.0,320,0.303990942239761,0.0029921488420271,rmse_table_all_5000.csv
5000,50,1.0,340,0.307381963729858,0.0041960017308815,rmse_table_all_5000.csv
10000,5,0.25,10,0.141638875007629,0.0128895603892939,rmse_table_all_10000.csv
10000,5,0.25,25,0.0698275983333587,0.0036835195565187,rmse_table_all_10000.csv
10000,5,0.25,40,0.0642450839281082,0.0018403190479333,rmse_table_all_10000.csv
10000,5,0.25,55,0.0596717238426208,0.0022814900724089,rmse_table_all_10000.csv
10000,5,0.25,70,0.0564010813832283,0.0003642851273673,rmse_table_all_10000.csv
10000,5,0.25,85,0.054347837716341,0.0008293501864657,rmse_table_all_10000.csv
10000,5,0.25,100,0.0508321039378643,0.0014455625748416,rmse_table_all_10000.csv
10000,5,0.25,115,0.0499129436910152,0.001332727117814,rmse_table_all_10000.csv
10000,5,0.25,130,0.0481053829193115,0.00135930470576,rmse_table_all_10000.csv
10000,5,0.25,145,0.0481362007558345,0.0016123453162621,rmse_table_all_10000.csv
10000,5,0.25,160,0.0473080575466156,0.0022340793489042,rmse_table_all_10000.csv
10000,5,0.25,175,0.0462539464235305,0.0003264878111756,rmse_table_all_10000.csv
10000,5,0.25,190,0.0463028088212013,0.0014056477340859,rmse_table_all_10000.csv
10000,5,0.25,205,0.0462898693978786,0.001111771700217,rmse_table_all_10000.csv
10000,5,0.25,220,0.0467150337994098,0.0007722014314685,rmse_table_all_10000.csv
10000,5,0.25,235,0.0468374907970428,0.0007867628294038,rmse_table_all_10000.csv
10000,5,0.25,250,0.0467925325036048,0.0007453623205819,rmse_table_all_10000.csv
10000,5,0.25,265,0.0472785018384456,0.0013696931184028,rmse_table_all_10000.csv
10000,5,0.25,280,0.0470683425664901,0.0009311024352043,rmse_table_all_10000.csv
10000,5,0.25,295,0.04772494956851,0.0009576872353083,rmse_table_all_10000.csv
10000,5,0.5,10,0.145960122346878,0.0053480155248898,rmse_table_all_10000.csv
10000,5,0.5,20,0.103411132097244,0.0024032162967247,rmse_table_all_10000.csv
10000,5,0.5,30,0.0988127812743187,0.0019994320008441,rmse_table_all_10000.csv
10000,5,0.5,40,0.0913005113601684,0.0046294273862962,rmse_table_all_10000.csv
10000,5,0.5,50,0.0856736108660698,0.0022928727293362,rmse_table_all_10000.csv
10000,5,0.5,60,0.0820286780595779,0.0023634969370036,rmse_table_all_10000.csv
10000,5,0.5,70,0.078536581993103,0.001596139275278,rmse_table_all_10000.csv
10000,5,0.5,80,0.0758068546652794,0.0014284591647009,rmse_table_all_10000.csv
10000,5,0.5,90,0.0739550352096557,0.0024880210147316,rmse_table_all_10000.csv
10000,5,0.5,100,0.0733352735638618,0.0021920191488057,rmse_table_all_10000.csv
10000,5,0.5,110,0.0731352552771568,0.0014143817743753,rmse_table_all_10000.csv
10000,5,0.5,120,0.0724952459335327,0.0025861680912826,rmse_table_all_10000.csv
10000,5,0.5,130,0.0724587991833686,0.0015262766708121,rmse_table_all_10000.csv
10000,5,0.5,140,0.0712272271513938,0.001952778939518,rmse_table_all_10000.csv
10000,5,0.5,150,0.0743995726108551,0.0020554002890728,rmse_table_all_10000.csv
10000,5,0.5,160,0.0761272251605987,0.0036989340208675,rmse_table_all_10000.csv
10000,5,0.5,170,0.0722731456160545,0.0016901444478828,rmse_table_all_10000.csv
10000,5,0.5,180,0.072391639649868,0.0004911361097161,rmse_table_all_10000.csv
10000,5,0.5,190,0.0763592571020126,0.0032567991333394,rmse_table_all_10000.csv
10000,5,1.0,10,0.182255721092224,0.009639813934492,rmse_table_all_10000.csv
10000,5,1.0,20,0.146109130978584,0.0049808303252275,rmse_table_all_10000.csv
10000,5,1.0,30,0.133976429700851,0.0024974057728932,rmse_table_all_10000.csv
10000,5,1.0,40,0.125535321235657,0.0065827249038418,rmse_table_all_10000.csv
10000,5,1.0,50,0.119306690990925,0.0013699373715269,rmse_table_all_10000.csv
10000,5,1.0,60,0.114850336313248,0.0020473418500589,rmse_table_all_10000.csv
10000,5,1.0,70,0.113495655357838,0.0033120679778123,rmse_table_all_10000.csv
10000,5,1.0,80,0.115182322263718,0.0040125131950378,rmse_table_all_10000.csv
10000,5,1.0,90,0.117212720215321,0.0013217385141431,rmse_table_all_10000.csv
10000,5,1.0,100,0.116061854362488,0.0018592851967011,rmse_table_all_10000.csv
10000,5,1.0,110,0.116300098598003,0.00133066563753,rmse_table_all_10000.csv
10000,5,1.0,120,0.120077574253082,0.0037008924290927,rmse_table_all_10000.csv
10000,5,1.0,130,0.117709322273731,0.0016113035132983,rmse_table_all_10000.csv
10000,5,1.0,140,0.120398955047131,0.0021744681371469,rmse_table_all_10000.csv
10000,5,1.0,150,0.122983749210835,0.003284035309062,rmse_table_all_10000.csv
10000,5,1.0,160,0.124584113061428,0.0026119009438211,rmse_table_all_10000.csv
10000,5,1.0,170,0.124704971909523,0.0031242971055572,rmse_table_all_10000.csv
10000,5,1.0,180,0.129025846719742,0.0053100018019459,rmse_table_all_10000.csv
10000,5,1.0,190,0.129981207847595,0.0039604587557767,rmse_table_all_10000.csv
10000,5,1.0,200,0.129630601406097,0.0025214496172501,rmse_table_all_10000.csv
10000,5,1.0,210,0.137126246094704,0.0042455526439655,rmse_table_all_10000.csv
10000,5,1.0,220,0.133227518200874,0.0015524227739886,rmse_table_all_10000.csv
10000,5,1.0,230,0.138861128687859,0.0039540533357869,rmse_table_all_10000.csv
10000,5,1.0,240,0.137541773915291,0.0043015073541323,rmse_table_all_10000.csv
10000,10,0.25,10,0.317581391334534,0.0192678318045889,rmse_table_all_10000.csv
10000,10,0.25,35,0.106775464117527,0.0032402270161547,rmse_table_all_10000.csv
10000,10,0.25,60,0.0846152082085609,0.0020395642311675,rmse_table_all_10000.csv
10000,10,0.25,85,0.0789211079478263,0.0016106178424285,rmse_table_all_10000.csv
10000,10,0.25,110,0.0753681316971778,0.0015891456086377,rmse_table_all_10000.csv
10000,10,0.25,135,0.0702019453048706,0.0010041813564849,rmse_table_all_10000.csv
10000,10,0.25,160,0.0672222584486007,0.0015285345002301,rmse_table_all_10000.csv
10000,10,0.25,185,0.0636296987533569,0.000662844169581,rmse_table_all_10000.csv
10000,10,0.25,210,0.0627688556909561,0.0017847548991662,rmse_table_all_10000.csv
10000,10,0.25,235,0.0608877219259738,0.0007315240526138,rmse_table_all_10000.csv
10000,10,0.25,260,0.060103902220726,0.0011432577008067,rmse_table_all_10000.csv
10000,10,0.25,285,0.0607012629508972,0.0014468195278931,rmse_table_all_10000.csv
10000,10,0.25,310,0.0607325457036495,0.0009726887806999,rmse_table_all_10000.csv
10000,10,0.25,335,0.0605791218578815,0.0010911973683752,rmse_table_all_10000.csv
10000,10,0.25,360,0.061196681112051,0.0009728192388928,rmse_table_all_10000.csv
10000,10,0.25,385,0.0604613110423088,0.0007543611266988,rmse_table_all_10000.csv
10000,10,0.25,410,0.0603889465332031,0.0012315479626021,rmse_table_all_10000.csv
10000,10,0.25,435,0.062276554852724,0.0009070584939268,rmse_table_all_10000.csv
10000,10,0.25,460,0.0619435459375381,0.0008522677798232,rmse_table_all_10000.csv
10000,10,0.25,485,0.0623834148049354,0.0013155235110192,rmse_table_all_10000.csv
10000,10,0.5,10,0.304181653261185,0.0054191886418431,rmse_table_all_10000.csv
10000,10,0.5,20,0.17522991001606,0.0049623474643545,rmse_table_all_10000.csv
10000,10,0.5,30,0.143269020318985,0.0097689456117153,rmse_table_all_10000.csv
10000,10,0.5,40,0.131387025117874,0.002905437405422,rmse_table_all_10000.csv
10000,10,0.5,50,0.120309568941593,0.0022546553394369,rmse_table_all_10000.csv
10000,10,0.5,60,0.117006604373455,0.0013934044945337,rmse_table_all_10000.csv
10000,10,0.5,70,0.110838249325752,0.0025471282054993,rmse_table_all_10000.csv
10000,10,0.5,80,0.106859396398067,0.0022459901269614,rmse_table_all_10000.csv
10000,10,0.5,90,0.103427600860596,0.0012607728979295,rmse_table_all_10000.csv
10000,10,0.5,100,0.0998180165886879,0.0015930681556048,rmse_table_all_10000.csv
10000,10,0.5,110,0.0961072996258735,0.003014020478996,rmse_table_all_10000.csv
10000,10,0.5,120,0.0934435710310936,0.0034442296391382,rmse_table_all_10000.csv
10000,10,0.5,130,0.0918023064732551,0.0009613828993602,rmse_table_all_10000.csv
10000,10,0.5,140,0.0920975774526596,0.0020698663378515,rmse_table_all_10000.csv
10000,10,0.5,150,0.0902913406491279,0.0022362154375002,rmse_table_all_10000.csv
10000,10,0.5,160,0.088562761247158,0.0014854707193183,rmse_table_all_10000.csv
10000,10,0.5,170,0.0887208893895149,0.0018337111333111,rmse_table_all_10000.csv
10000,10,0.5,180,0.0878915041685104,0.0009427188715539,rmse_table_all_10000.csv
10000,10,0.5,190,0.087658205628395,0.0012955283258744,rmse_table_all_10000.csv
10000,10,1.0,10,0.316822874546051,0.0080914242230263,rmse_table_all_10000.csv
10000,10,1.0,20,0.216364675760269,0.0103438893268576,rmse_table_all_10000.csv
10000,10,1.0,30,0.19037851691246,0.0049735692628566,rmse_table_all_10000.csv
10000,10,1.0,40,0.176927763223648,0.0021389359766509,rmse_table_all_10000.csv
10000,10,1.0,50,0.166428554058075,0.0022948891994479,rmse_table_all_10000.csv
10000,10,1.0,60,0.153156223893166,0.0021198869758908,rmse_table_all_10000.csv
10000,10,1.0,70,0.149805161356926,0.0028068426642681,rmse_table_all_10000.csv
10000,10,1.0,80,0.141180551052094,0.0046285265027955,rmse_table_all_10000.csv
10000,10,1.0,90,0.144512665271759,0.0029245686073128,rmse_table_all_10000.csv
10000,10,1.0,100,0.13656063079834,0.0029504820526669,rmse_table_all_10000.csv
10000,10,1.0,110,0.138191574811935,0.0034821486927037,rmse_table_all_10000.csv
10000,10,1.0,120,0.13741247355938,0.0027865103230195,rmse_table_all_10000.csv
10000,10,1.0,130,0.137673541903496,0.0055077787786221,rmse_table_all_10000.csv
10000,10,1.0,140,0.139922428131104,0.004717973590142,rmse_table_all_10000.csv
10000,10,1.0,150,0.138742277026176,0.0010123845855733,rmse_table_all_10000.csv
10000,10,1.0,160,0.14019738137722,0.001826477648015,rmse_table_all_10000.csv
10000,10,1.0,170,0.138958850502968,0.0020969031190361,rmse_table_all_10000.csv
10000,10,1.0,180,0.139817449450493,0.0026207567767268,rmse_table_all_10000.csv
10000,10,1.0,190,0.138687470555305,0.0033159897148598,rmse_table_all_10000.csv
10000,10,1.0,200,0.14138061106205,0.0034803935751098,rmse_table_all_10000.csv
10000,10,1.0,210,0.142219766974449,0.0023446094758581,rmse_table_all_10000.csv
10000,10,1.0,220,0.14401233792305,0.0034267515030088,rmse_table_all_10000.csv
10000,10,1.0,230,0.142866882681847,0.0013063420225224,rmse_table_all_10000.csv
10000,10,1.0,240,0.145179811120033,0.0036830135282337,rmse_table_all_10000.csv
10000,20,0.25,300,0.0819429524242878,0.001371716514506,rmse_table_all_10000.csv
10000,20,0.25,325,0.0806134238839149,0.0014655011357681,rmse_table_all_10000.csv
10000,20,0.25,350,0.079574529826641,0.001160801447235,rmse_table_all_10000.csv
10000,20,0.25,375,0.0788417175412178,0.0019333162463108,rmse_table_all_10000.csv
10000,20,0.25,400,0.0782119497656822,0.0012771775755376,rmse_table_all_10000.csv
10000,20,0.25,425,0.0775012016296386,0.0013410611908253,rmse_table_all_10000.csv
10000,20,0.25,450,0.0772683307528495,0.0012817969984326,rmse_table_all_10000.csv
10000,20,0.25,475,0.0773990727961063,0.0008691753513547,rmse_table_all_10000.csv
10000,20,0.25,500,0.0769525058567524,0.0016200750927815,rmse_table_all_10000.csv
10000,20,0.25,525,0.0758568510413169,0.001155474329525,rmse_table_all_10000.csv
10000,20,0.25,550,0.0759070895612239,0.0009925897377013,rmse_table_all_10000.csv
10000,20,0.25,575,0.0761338114738464,0.0010821154668465,rmse_table_all_10000.csv
10000,20,0.25,600,0.0772862643003463,0.001472999750369,rmse_table_all_10000.csv
10000,20,0.25,625,0.075880579650402,0.0010878456182291,rmse_table_all_10000.csv
10000,20,0.25,650,0.0775532759726047,0.0018789814225967,rmse_table_all_10000.csv
10000,20,0.25,675,0.0774106234312057,0.0010419876064691,rmse_table_all_10000.csv
10000,20,0.5,100,0.151301845908165,0.0028393767993843,rmse_table_all_10000.csv
10000,20,0.5,130,0.138757538795471,0.0042077762807471,rmse_table_all_10000.csv
10000,20,0.5,160,0.126665098965168,0.0032694874971571,rmse_table_all_10000.csv
10000,20,0.5,190,0.122483995556831,0.0022583643059784,rmse_table_all_10000.csv
10000,20,0.5,220,0.116014713048935,0.0016195516352668,rmse_table_all_10000.csv
10000,20,0.5,250,0.113778057694435,0.0016825129996156,rmse_table_all_10000.csv
10000,20,0.5,280,0.114737829566002,0.0006615082972993,rmse_table_all_10000.csv
10000,20,0.5,310,0.114742577075958,0.0023340402001264,rmse_table_all_10000.csv
10000,20,0.5,340,0.112814210355282,0.0012804592822152,rmse_table_all_10000.csv
10000,20,0.5,370,0.112201479077339,0.0014931752505301,rmse_table_all_10000.csv
10000,20,0.5,400,0.11333175599575,0.0012845322774603,rmse_table_all_10000.csv
10000,20,0.5,430,0.113377456367016,0.0010220343993301,rmse_table_all_10000.csv
10000,20,0.5,460,0.11156307309866,0.002168868476715,rmse_table_all_10000.csv
10000,20,0.5,490,0.112857274711132,0.0013831682662695,rmse_table_all_10000.csv
10000,20,1.0,100,0.207517039775848,0.0047816282345634,rmse_table_all_10000.csv
10000,20,1.0,135,0.188542699813843,0.0033027438446934,rmse_table_all_10000.csv
10000,20,1.0,170,0.1877939671278,0.004164903455706,rmse_table_all_10000.csv
10000,20,1.0,205,0.179354029893875,0.0041528057014706,rmse_table_all_10000.csv
10000,20,1.0,240,0.180160385370255,0.0037389330592641,rmse_table_all_10000.csv
10000,20,1.0,275,0.183071732521057,0.0046368525956324,rmse_table_all_10000.csv
10000,50,0.25,100,0.242933627963066,0.002698288862864,rmse_table_all_10000.csv
10000,50,0.25,180,0.174536263942719,0.0045445459008773,rmse_table_all_10000.csv
10000,50,0.25,260,0.148560297489166,0.0020861045342999,rmse_table_all_10000.csv
10000,50,0.25,340,0.131212913990021,0.002102169688483,rmse_table_all_10000.csv
10000,50,0.25,420,0.119211961328983,0.0026646418131679,rmse_table_all_10000.csv
10000,50,0.25,500,0.113696753978729,0.0012478220490463,rmse_table_all_10000.csv
10000,50,0.25,580,0.10896063297987,0.0022734552500127,rmse_table_all_10000.csv
10000,50,0.25,660,0.10676923841238,0.0016510902178068,rmse_table_all_10000.csv
10000,50,0.25,740,0.104029488563538,0.0021405813407351,rmse_table_all_10000.csv
10000,50,0.25,820,0.103285260498524,0.0013589820934308,rmse_table_all_10000.csv
10000,50,0.25,900,0.102342362701893,0.0011731611369213,rmse_table_all_10000.csv
10000,50,0.25,980,0.10283659696579,0.0027068130626342,rmse_table_all_10000.csv
10000,50,0.25,1060,0.10303403288126,0.001280218109221,rmse_table_all_10000.csv
10000,50,0.25,1140,0.102489045262337,0.0019284818382023,rmse_table_all_10000.csv
10000,50,0.25,1220,0.104744547605515,0.0017840666509128,rmse_table_all_10000.csv
10000,50,0.25,1300,0.106106290221214,0.0018234292780666,rmse_table_all_10000.csv
10000,50,0.25,1380,0.104954780638218,0.000787464184297,rmse_table_all_10000.csv
10000,50,0.25,1460,0.106163507699966,0.0011918157107962,rmse_table_all_10000.csv
10000,50,0.5,100,0.270071351528168,0.0046520768927609,rmse_table_all_10000.csv
10000,50,0.5,200,0.199242156744003,0.002428932547447,rmse_table_all_10000.csv
10000,50,0.5,300,0.171841529011726,0.0026789854995005,rmse_table_all_10000.csv
10000,50,0.5,400,0.164204084873199,0.0039994501322883,rmse_table_all_10000.csv
10000,50,0.5,500,0.157408744096756,0.0040642618293935,rmse_table_all_10000.csv
10000,50,0.5,600,0.154986241459847,0.0016863164778839,rmse_table_all_10000.csv
10000,50,0.5,700,0.153525957465172,0.0015040859089023,rmse_table_all_10000.csv
10000,50,0.5,800,0.154870712757111,0.0033007654209271,rmse_table_all_10000.csv
10000,50,0.5,900,0.154336923360825,0.0025727081234066,rmse_table_all_10000.csv
10000,50,1.0,50,0.427023023366928,0.0091839958914891,rmse_table_all_10000.csv
10000,50,1.0,80,0.357565778493881,0.0040910949503869,rmse_table_all_10000.csv
10000,50,1.0,110,0.312602561712265,0.0059015530017337,rmse_table_all_10000.csv
10000,50,1.0,140,0.28494274020195,0.0048407043220646,rmse_table_all_10000.csv
10000,50,1.0,170,0.264376783370972,0.0072716494077224,rmse_table_all_10000.csv
10000,50,1.0,200,0.262136572599411,0.0030481725433591,rmse_table_all_10000.csv
10000,50,1.0,230,0.253459322452545,0.004332843425947,rmse_table_all_10000.csv
10000,50,1.0,260,0.248374715447426,0.0069674012264946,rmse_table_all_10000.csv
10000,50,1.0,290,0.246877825260162,0.0022506184264492,rmse_table_all_10000.csv
10000,50,1.0,320,0.247036874294281,0.002997980857057,rmse_table_all_10000.csv
10000,50,1.0,350,0.244823116064072,0.0066735698313592,rmse_table_all_10000.csv
10000,50,1.0,380,0.242940402030945,0.0053487179031566,rmse_table_all_10000.csv
10000,50,1.0,410,0.238686919212341,0.0023082315759287,rmse_table_all_10000.csv
10000,50,1.0,440,0.242125463485718,0.0048441339111706,rmse_table_all_10000.csv
10000,50,1.0,470,0.239779344201088,0.0037751372330601,rmse_table_all_10000.csv
50000,5,0.25,100,0.0350162349641323,0.0005969381638669,rmse_table_all_50000.csv
50000,5,0.25,140,0.0329658612608909,0.0004652144924679,rmse_table_all_50000.csv
50000,5,0.25,180,0.0313657898455858,0.0006347510389606,rmse_table_all_50000.csv
50000,5,0.25,220,0.0306117169559001,0.0002518852531334,rmse_table_all_50000.csv
50000,5,0.25,260,0.0296546850353479,6.76661494715672e-05,rmse_table_all_50000.csv
50000,5,0.25,300,0.0295429039746522,0.0005212958164825,rmse_table_all_50000.csv
50000,5,0.25,340,0.028761563450098,0.0003015235801161,rmse_table_all_50000.csv
50000,5,0.25,380,0.0285392139106988,0.0004405778496499,rmse_table_all_50000.csv
50000,5,0.25,420,0.0280134510248899,0.0001808862643638,rmse_table_all_50000.csv
50000,5,0.25,460,0.0281438075006008,0.000459216262084,rmse_table_all_50000.csv
50000,5,0.25,500,0.0279348660260438,0.0002049998409217,rmse_table_all_50000.csv
50000,5,0.25,540,0.0277284387499094,0.000291331332614,rmse_table_all_50000.csv
50000,5,0.25,580,0.0274267449975013,0.0002283928312331,rmse_table_all_50000.csv
50000,5,0.25,620,0.0275701444596052,0.0002599068256623,rmse_table_all_50000.csv
50000,5,0.25,660,0.0275462366640567,0.0004189192219689,rmse_table_all_50000.csv
50000,5,0.5,10,0.145318159461021,0.0054932058151055,rmse_table_all_50000.csv
50000,5,0.5,30,0.0619560204446315,0.0025650438384697,rmse_table_all_50000.csv
50000,5,0.5,50,0.0580134518444538,0.0014033867602376,rmse_table_all_50000.csv
50000,5,0.5,70,0.05420633405447,0.0012964075145716,rmse_table_all_50000.csv
50000,5,0.5,90,0.0527927055954933,0.0007784858727168,rmse_table_all_50000.csv
50000,5,0.5,110,0.0487421758472919,0.0005264933119505,rmse_table_all_50000.csv
50000,5,0.5,130,0.0474974893033504,0.0007756508514711,rmse_table_all_50000.csv
50000,5,0.5,150,0.0467050440609455,0.0007112303208649,rmse_table_all_50000.csv
50000,5,0.5,170,0.0453830480575561,0.0002733265679801,rmse_table_all_50000.csv
50000,5,0.5,190,0.0452425628900527,0.0003599359370813,rmse_table_all_50000.csv
50000,5,0.5,210,0.0442629553377628,0.0003317055828684,rmse_table_all_50000.csv
50000,5,0.5,230,0.0441992327570915,0.0005744515989858,rmse_table_all_50000.csv
50000,5,0.5,250,0.043969552963972,0.0009655979816722,rmse_table_all_50000.csv
50000,5,0.5,270,0.0430734083056449,0.000336184096326,rmse_table_all_50000.csv
50000,5,0.5,290,0.043869986385107,0.0005005182477308,rmse_table_all_50000.csv
50000,5,1.0,10,0.1310776501894,0.0053623197203967,rmse_table_all_50000.csv
50000,5,1.0,20,0.0991145655512809,0.0029739020779538,rmse_table_all_50000.csv
50000,5,1.0,30,0.0914547234773635,0.0008562366607481,rmse_table_all_50000.csv
50000,5,1.0,40,0.0867186695337295,0.002811087121202,rmse_table_all_50000.csv
50000,5,1.0,50,0.0829349443316459,0.0014414070799744,rmse_table_all_50000.csv
50000,5,1.0,60,0.0802869006991386,0.0024876926319806,rmse_table_all_50000.csv
50000,5,1.0,70,0.0762105256319046,0.0029187610738542,rmse_table_all_50000.csv
50000,5,1.0,80,0.0760684445500373,0.0012185818189313,rmse_table_all_50000.csv
50000,5,1.0,90,0.0748756870627403,0.0018990737277628,rmse_table_all_50000.csv
50000,5,1.0,100,0.0720875054597854,0.001450765919147,rmse_table_all_50000.csv
50000,5,1.0,110,0.0708281084895134,0.0011724121825786,rmse_table_all_50000.csv
50000,5,1.0,120,0.0705275639891624,0.0013411438786717,rmse_table_all_50000.csv
50000,5,1.0,130,0.0694202855229377,0.0016644483961134,rmse_table_all_50000.csv
50000,5,1.0,140,0.0691933497786521,0.0004797947543129,rmse_table_all_50000.csv
50000,5,1.0,150,0.0701497599482536,0.0019011886929806,rmse_table_all_50000.csv
50000,5,1.0,160,0.0693870246410369,0.0010242453417121,rmse_table_all_50000.csv
50000,5,1.0,170,0.0699779063463211,0.0006732962250796,rmse_table_all_50000.csv
50000,5,1.0,180,0.0691409572958946,0.0005490680147331,rmse_table_all_50000.csv
50000,5,1.0,190,0.0694105863571167,0.0015214179388911,rmse_table_all_50000.csv
50000,10,0.25,50,0.0738972976803779,0.0028859517390859,rmse_table_all_50000.csv
50000,10,0.25,100,0.0520674847066402,0.0017513546194214,rmse_table_all_50000.csv
50000,10,0.25,150,0.0471940599381923,0.0012227931297036,rmse_table_all_50000.csv
50000,10,0.25,200,0.0447661869227886,0.0003552457724508,rmse_table_all_50000.csv
50000,10,0.25,250,0.0424343064427375,0.0009141338426308,rmse_table_all_50000.csv
50000,10,0.25,300,0.0396624341607093,0.0004161393577796,rmse_table_all_50000.csv
50000,10,0.25,350,0.0384097926318645,0.0010085766578379,rmse_table_all_50000.csv
50000,10,0.25,400,0.038275646418333,0.000581360482378,rmse_table_all_50000.csv
50000,10,0.25,450,0.0374710008502006,0.0004524250624589,rmse_table_all_50000.csv
50000,10,0.25,500,0.0371808186173439,0.0006190506879865,rmse_table_all_50000.csv
50000,10,0.25,550,0.0370029956102371,0.0004942003466535,rmse_table_all_50000.csv
50000,10,0.25,600,0.038023368269205,0.0005564128996808,rmse_table_all_50000.csv
50000,10,0.25,650,0.0375354751944541,0.0004900799612616,rmse_table_all_50000.csv
50000,10,0.25,700,0.0375635474920272,0.0003005656571614,rmse_table_all_50000.csv
50000,10,0.25,750,0.0379056893289089,0.0002856915979428,rmse_table_all_50000.csv
50000,10,0.5,50,0.086234209438165,0.0047641147850481,rmse_table_all_50000.csv
50000,10,0.5,100,0.0713246315717697,0.0001901157650564,rmse_table_all_50000.csv
50000,10,0.5,150,0.0664497166872024,0.0009587905808638,rmse_table_all_50000.csv
50000,10,0.5,200,0.0626654215157032,0.0003735081029075,rmse_table_all_50000.csv
50000,10,0.5,250,0.0598623144129912,0.001279397237927,rmse_table_all_50000.csv
50000,10,0.5,300,0.0577237953742345,0.0007476967077811,rmse_table_all_50000.csv
50000,10,0.5,350,0.0574850589036941,0.0007238475748711,rmse_table_all_50000.csv
50000,10,0.5,400,0.0566059363385041,0.0001812506036318,rmse_table_all_50000.csv
50000,10,0.5,450,0.0580492541193962,0.0017096786679312,rmse_table_all_50000.csv
50000,10,0.5,500,0.0574846602976322,0.000945496052155,rmse_table_all_50000.csv
50000,10,0.5,550,0.0591051479180653,0.0009475434342543,rmse_table_all_50000.csv
50000,10,1.0,10,0.311634385585785,0.0059726680269312,rmse_table_all_50000.csv
50000,10,1.0,40,0.116221140325069,0.003045366596767,rmse_table_all_50000.csv
50000,10,1.0,70,0.10674834549427,0.0023016158713782,rmse_table_all_50000.csv
50000,10,1.0,100,0.0998373761773109,0.0020643857565755,rmse_table_all_50000.csv
50000,10,1.0,130,0.0951027438044548,0.0010865021872774,rmse_table_all_50000.csv
50000,10,1.0,160,0.0909554705023765,0.0021748491153874,rmse_table_all_50000.csv
50000,10,1.0,190,0.0910956293344497,0.0021353982020165,rmse_table_all_50000.csv
50000,10,1.0,220,0.0907773330807685,0.0015692992535527,rmse_table_all_50000.csv
50000,10,1.0,250,0.0916469424962997,0.0007023594693941,rmse_table_all_50000.csv
50000,10,1.0,280,0.0899570494890213,0.0014251640972845,rmse_table_all_50000.csv
50000,10,1.0,310,0.0907132193446159,0.0017749403682726,rmse_table_all_50000.csv
50000,10,1.0,340,0.0912270724773407,0.0018385627555446,rmse_table_all_50000.csv
50000,20,0.25,500,0.0515681318938732,0.0010272989877581,rmse_table_all_50000.csv
50000,20,0.25,650,0.0487943284213543,0.000327909164434,rmse_table_all_50000.csv
50000,20,0.25,800,0.046989344805479,0.0003574077177751,rmse_table_all_50000.csv
50000,20,0.25,950,0.0467529356479644,0.0002881463672894,rmse_table_all_50000.csv
50000,20,0.25,1100,0.0467612080276012,0.0005002978313667,rmse_table_all_50000.csv
50000,20,0.25,1250,0.0466261185705661,0.0003543623227076,rmse_table_all_50000.csv
50000,20,0.25,1400,0.0464459210634231,0.0007842243934696,rmse_table_all_50000.csv
50000,20,0.5,100,0.109145039319992,0.0025920278024455,rmse_table_all_50000.csv
50000,20,0.5,150,0.0948558166623115,0.0024908195866079,rmse_table_all_50000.csv
50000,20,0.5,200,0.090633238852024,0.0011840211596334,rmse_table_all_50000.csv
50000,20,0.5,250,0.083469633758068,0.0008263774820469,rmse_table_all_50000.csv
50000,20,0.5,300,0.0805307134985923,0.0009685243193545,rmse_table_all_50000.csv
50000,20,0.5,350,0.0763844802975654,0.0004561880583576,rmse_table_all_50000.csv
50000,20,0.5,400,0.0747630432248115,0.0008831271484322,rmse_table_all_50000.csv
50000,20,0.5,450,0.0744654685258865,0.000869012635587,rmse_table_all_50000.csv
50000,20,0.5,500,0.0733543679118156,0.0007422040343831,rmse_table_all_50000.csv
50000,20,0.5,550,0.0732075110077858,0.0012495241889628,rmse_table_all_50000.csv
50000,20,0.5,600,0.0729965165257453,0.0007744361234876,rmse_table_all_50000.csv
50000,20,1.0,100,0.148844197392464,0.0048302734148119,rmse_table_all_50000.csv
50000,20,1.0,140,0.132599672675133,0.0016645115733282,rmse_table_all_50000.csv
50000,20,1.0,180,0.126729373633862,0.0021284972839218,rmse_table_all_50000.csv
50000,20,1.0,220,0.120196229219437,0.0023278374825438,rmse_table_all_50000.csv
50000,20,1.0,260,0.117142336070538,0.0025378882999243,rmse_table_all_50000.csv
50000,20,1.0,300,0.117486292123795,0.0025070420800238,rmse_table_all_50000.csv
50000,20,1.0,340,0.117073427140713,0.0016193296300051,rmse_table_all_50000.csv
50000,20,1.0,380,0.117384204268456,0.0019965813599311,rmse_table_all_50000.csv
50000,20,1.0,420,0.117305365204811,0.0008223969876706,rmse_table_all_50000.csv
50000,20,1.0,460,0.11683983951807,0.0012079484984779,rmse_table_all_50000.csv
50000,50,0.25,800,0.0737943947315216,0.0007024423516778,rmse_table_all_50000.csv
50000,50,0.25,950,0.0702985674142837,0.0001904110557856,rmse_table_all_50000.csv
50000,50,0.25,1100,0.0670422613620758,0.0004590396248034,rmse_table_all_50000.csv
50000,50,0.25,1250,0.0670074125130971,0.0003075968784901,rmse_table_all_50000.csv
50000,50,0.25,1400,0.0653166845440864,0.0001435545659767,rmse_table_all_50000.csv
50000,50,0.25,1550,0.0653555616736412,0.0004251938040101,rmse_table_all_50000.csv
50000,50,0.25,1700,0.0660323177774747,0.0007236335418547,rmse_table_all_50000.csv
50000,50,0.25,1850,0.0652615999182065,0.0009607460471856,rmse_table_all_50000.csv
50000,50,0.5,400,0.120032627880573,0.0022366868693073,rmse_table_all_50000.csv
50000,50,0.5,450,0.115120540559292,0.001356550132754,rmse_table_all_50000.csv
50000,50,0.5,500,0.112639075517654,0.0021807784296223,rmse_table_all_50000.csv
50000,50,0.5,550,0.10913173109293,0.0016035207476187,rmse_table_all_50000.csv
50000,50,0.5,600,0.106395034492016,0.0010071213600305,rmse_table_all_50000.csv
50000,50,0.5,650,0.106369571387768,0.0013909650555215,rmse_table_all_50000.csv
50000,50,0.5,700,0.104655535519123,0.0008733594375894,rmse_table_all_50000.csv
50000,50,0.5,750,0.10343920737505,0.0012280158241183,rmse_table_all_50000.csv
50000,50,0.5,800,0.102306994795799,0.0014310472014214,rmse_table_all_50000.csv
50000,50,0.5,850,0.102751134335995,0.0009766710872028,rmse_table_all_50000.csv
50000,50,0.5,900,0.102336597442627,0.0014992387577445,rmse_table_all_50000.csv
50000,50,0.5,950,0.102019333839417,0.0010867733801974,rmse_table_all_50000.csv
50000,50,1.0,200,0.197967886924744,0.003376920662232,rmse_table_all_50000.csv
50000,50,1.0,250,0.181672644615173,0.0018260077404518,rmse_table_all_50000.csv
50000,50,1.0,300,0.174030503630638,0.0026642312749201,rmse_table_all_50000.csv
50000,50,1.0,350,0.16789710521698,0.0031105331981706,rmse_table_all_50000.csv
50000,50,1.0,400,0.16446273624897,0.0015334142143216,rmse_table_all_50000.csv
50000,50,1.0,450,0.160719799995422,0.0031122736231879,rmse_table_all_50000.csv
50000,50,1.0,500,0.157897108793259,0.0031376527308997,rmse_table_all_50000.csv
50000,50,1.0,550,0.158467793464661,0.0017957236973357,rmse_table_all_50000.csv
50000,50,1.0,600,0.158396148681641,0.0028787852487441,rmse_table_all_50000.csv
50000,50,1.0,650,0.158831313252449,0.0032026417010723,rmse_table_all_50000.csv
50000,50,1.0,700,0.159399569034576,0.0013701649089067,rmse_table_all_50000.csv
50000,50,1.0,750,0.159197968244553,0.0020960623579267,rmse_table_all_50000.csv
100000,5,0.25,300,0.0248456060886383,0.0004786267821314,rmse_table_all_100000.csv
100000,5,0.25,360,0.0240275759249925,0.0003328296529471,rmse_table_all_100000.csv
100000,5,0.25,420,0.0235035318881273,0.0002022527041139,rmse_table_all_100000.csv
100000,5,0.25,480,0.0234061021357774,0.0001682433092776,rmse_table_all_100000.csv
100000,5,0.25,540,0.022972198203206,0.0001149570593297,rmse_table_all_100000.csv
100000,5,0.25,600,0.0227645002305507,0.0001334365621199,rmse_table_all_100000.csv
100000,5,0.25,660,0.0226665671914815,0.0001664808499954,rmse_table_all_100000.csv
100000,5,0.25,720,0.0226114358752965,0.0001631451465597,rmse_table_all_100000.csv
100000,5,0.5,200,0.0382387697696685,0.0008311109534507,rmse_table_all_100000.csv
100000,5,0.5,250,0.0369686260819435,0.0002546533776334,rmse_table_all_100000.csv
100000,5,0.5,300,0.0368204273283481,0.000714064229309,rmse_table_all_100000.csv
100000,5,0.5,350,0.036000307649374,0.0005036221440693,rmse_table_all_100000.csv
100000,5,0.5,400,0.0357976324856281,0.000497125874874,rmse_table_all_100000.csv
100000,5,0.5,450,0.0364726126194,0.0005204007403123,rmse_table_all_100000.csv
100000,5,0.5,500,0.0367091342806816,0.0006838942878088,rmse_table_all_100000.csv
100000,5,0.5,550,0.0370284616947174,0.0004048183677449,rmse_table_all_100000.csv
100000,5,0.5,600,0.0373680688440799,0.0005234611325088,rmse_table_all_100000.csv
100000,5,1.0,50,0.0676164895296096,0.0004747321522058,rmse_table_all_100000.csv
100000,5,1.0,70,0.0649357244372367,0.0007451571416031,rmse_table_all_100000.csv
100000,5,1.0,90,0.0613459631800651,0.0004032139964228,rmse_table_all_100000.csv
100000,5,1.0,110,0.0586580283939838,0.0015006579497101,rmse_table_all_100000.csv
100000,5,1.0,130,0.0565123707056045,0.0010142115823895,rmse_table_all_100000.csv
100000,5,1.0,150,0.056360363215208,0.0008957437248563,rmse_table_all_100000.csv
100000,5,1.0,170,0.0563306540250778,0.0008196281454138,rmse_table_all_100000.csv
100000,5,1.0,190,0.0561658099293708,0.0012103434271725,rmse_table_all_100000.csv
100000,5,1.0,210,0.0557561933994293,0.0006234677901282,rmse_table_all_100000.csv
100000,5,1.0,230,0.0559179536998271,0.0012693839424115,rmse_table_all_100000.csv
100000,5,1.0,250,0.0564347721636295,0.0010431205455126,rmse_table_all_100000.csv
100000,10,0.25,50,0.0746808692812919,0.0013225767291189,rmse_table_all_100000.csv
100000,10,0.25,100,0.0460410214960575,0.00191179056372,rmse_table_all_100000.csv
100000,10,0.25,150,0.03954404219985,0.0007741255593545,rmse_table_all_100000.csv
100000,10,0.25,200,0.0376868687570095,0.0006471098282074,rmse_table_all_100000.csv
100000,10,0.25,250,0.0350318454205989,0.0008561852284664,rmse_table_all_100000.csv
100000,10,0.25,300,0.0337067827582359,0.0009861324422526,rmse_table_all_100000.csv
100000,10,0.25,350,0.0324694365262985,0.0004248473141331,rmse_table_all_100000.csv
100000,10,0.25,400,0.0313980836421251,0.0006316530825067,rmse_table_all_100000.csv
100000,10,0.25,450,0.0306475903838872,0.0003419157121795,rmse_table_all_100000.csv
100000,10,0.25,500,0.0300196573138237,0.000369016390705,rmse_table_all_100000.csv
100000,10,0.25,550,0.0296086627990007,0.000246867388132,rmse_table_all_100000.csv
100000,10,0.25,600,0.029204623773694,0.000157900124897,rmse_table_all_100000.csv
100000,10,0.25,650,0.0286491438746452,0.0004533067189843,rmse_table_all_100000.csv
100000,10,0.25,700,0.0287724267691373,0.0003533688754412,rmse_table_all_100000.csv
100000,10,0.25,750,0.0285643115639686,0.0005317914264866,rmse_table_all_100000.csv
100000,10,0.25,800,0.0288968101143837,0.0002870053258618,rmse_table_all_100000.csv
100000,10,0.25,850,0.0285446792840957,0.0003179023842577,rmse_table_all_100000.csv
100000,10,0.25,900,0.0286702584475278,0.0002996580334947,rmse_table_all_100000.csv
100000,10,0.25,950,0.0285622496157884,0.0002817558337278,rmse_table_all_100000.csv
100000,10,0.5,200,0.0499073043465614,0.0002117723653734,rmse_table_all_100000.csv
100000,10,0.5,270,0.046763227880001,0.0004173578546812,rmse_table_all_100000.csv
100000,10,0.5,340,0.045128921419382,0.0003715101607753,rmse_table_all_100000.csv
100000,10,0.5,410,0.0441450841724872,0.0001961477332759,rmse_table_all_100000.csv
100000,10,0.5,480,0.0437416426837444,0.0001191933211745,rmse_table_all_100000.csv
100000,10,0.5,550,0.0439060516655445,0.0001906206446417,rmse_table_all_100000.csv
100000,10,0.5,620,0.0434048928320407,0.0002327104435523,rmse_table_all_100000.csv
100000,10,0.5,690,0.0439055107533931,0.0004009001854986,rmse_table_all_100000.csv
100000,10,1.0,100,0.0828422874212265,0.0017314300449464,rmse_table_all_100000.csv
100000,10,1.0,150,0.0725928544998169,0.0017357595558162,rmse_table_all_100000.csv
100000,10,1.0,200,0.0682304725050926,0.0011024731184321,rmse_table_all_100000.csv
100000,10,1.0,250,0.0678682416677474,0.0009856603180512,rmse_table_all_100000.csv
100000,10,1.0,300,0.0669555827975273,0.00066644905277,rmse_table_all_100000.csv
100000,10,1.0,350,0.0675520330667495,0.000872234392828,rmse_table_all_100000.csv
100000,10,1.0,400,0.0685084834694862,0.0002542355792733,rmse_table_all_100000.csv
100000,10,1.0,450,0.0691486045718193,0.0006022706669266,rmse_table_all_100000.csv
100000,20,0.25,500,0.0467182782789071,0.0009791614448188,rmse_table_all_100000.csv
100000,20,0.25,800,0.0411234324177106,0.0004014436688391,rmse_table_all_100000.csv
100000,20,0.25,1100,0.039170420418183,0.0002578631322947,rmse_table_all_100000.csv
100000,20,0.25,1400,0.0384537751475969,0.0003644913555766,rmse_table_all_100000.csv
100000,20,0.25,1700,0.0379940705994764,0.0005298023586066,rmse_table_all_100000.csv
100000,20,0.25,2000,0.0379776246845722,0.0003183986714381,rmse_table_all_100000.csv
100000,20,0.25,2300,0.0381774045526981,0.0002113655183497,rmse_table_all_100000.csv
100000,20,0.25,2600,0.0390202427903811,0.0001972866568168,rmse_table_all_100000.csv
100000,20,0.5,400,0.0598668746650219,0.00065417960309,rmse_table_all_100000.csv
100000,20,0.5,480,0.0572925008833408,0.0005987156247381,rmse_table_all_100000.csv
100000,20,0.5,560,0.0561551138758659,0.0008583860041267,rmse_table_all_100000.csv
100000,20,0.5,640,0.0551799207925796,0.0007858100294507,rmse_table_all_100000.csv
100000,20,0.5,720,0.0548102773725986,0.0004258981923999,rmse_table_all_100000.csv
100000,20,0.5,800,0.0546799927949905,0.0004455609954001,rmse_table_all_100000.csv
100000,20,0.5,880,0.0550150662660598,0.0005192647381022,rmse_table_all_100000.csv
100000,20,0.5,960,0.0552309244871139,0.0005890260128064,rmse_table_all_100000.csv
100000,20,1.0,200,0.100393788516521,0.0006761846050177,rmse_table_all_100000.csv
100000,20,1.0,250,0.0954544022679328,0.0022183342024806,rmse_table_all_100000.csv
100000,20,1.0,300,0.0903215795755386,0.0009846577782648,rmse_table_all_100000.csv
100000,20,1.0,350,0.089057670533657,0.0017609382929948,rmse_table_all_100000.csv
100000,20,1.0,400,0.08767751455307,0.0019855731885354,rmse_table_all_100000.csv
100000,20,1.0,450,0.0863556325435638,0.0007734806313943,rmse_table_all_100000.csv
100000,20,1.0,500,0.0866954371333122,0.0015440534562115,rmse_table_all_100000.csv
100000,20,1.0,550,0.0876836657524108,0.0010748804024446,rmse_table_all_100000.csv
100000,20,1.0,600,0.0881593257188797,0.0005754377039483,rmse_table_all_100000.csv
100000,50,0.25,2000,0.0533581264317035,0.0006343703663587,rmse_table_all_100000.csv
100000,50,0.25,2200,0.0530853507419427,0.0004140862379579,rmse_table_all_100000.csv
100000,50,0.25,2400,0.0531976148486137,0.0002552459349178,rmse_table_all_100000.csv
100000,50,0.25,2600,0.0541083452602227,0.0004607988160054,rmse_table_all_100000.csv
100000,50,0.25,2800,0.0533760252098242,0.0010414820978717,rmse_table_all_100000.csv
100000,50,0.25,3000,0.0529850348830223,0.0003014164391905,rmse_table_all_100000.csv
100000,50,0.25,3200,0.0545120351016521,0.0005581892675919,rmse_table_all_100000.csv
100000,50,0.25,3400,0.054245493064324,0.0001108218665233,rmse_table_all_100000.csv
100000,50,0.25,3600,0.0536766611039638,0.0007815283135987,rmse_table_all_100000.csv
100000,50,0.5,1000,0.0865803509950637,0.0008091421923589,rmse_table_all_100000.csv
100000,50,0.5,1100,0.0850936695933342,0.0009227534398469,rmse_table_all_100000.csv
100000,50,0.5,1200,0.0859507446487744,0.001195438888072,rmse_table_all_100000.csv
100000,50,0.5,1300,0.0837341050306956,0.000285135797522,rmse_table_all_100000.csv
100000,50,0.5,1400,0.0850896388292312,0.0006586550095187,rmse_table_all_100000.csv
100000,50,0.5,1500,0.08370041847229,0.0003971670085515,rmse_table_all_100000.csv
100000,50,0.5,1600,0.0868433068195978,0.0011176292309056,rmse_table_all_100000.csv
100000,50,0.5,1700,0.0847887694835662,0.0012972608982498,rmse_table_all_100000.csv
100000,50,0.5,1800,0.0857128029068311,0.0015043509220653,rmse_table_all_100000.csv
100000,50,0.5,1900,0.0850763842463493,0.0004045864379083,rmse_table_all_100000.csv
100000,50,0.5,2000,0.0878876025478045,0.0014763677945514,rmse_table_all_100000.csv
100000,50,1.0,400,0.146928206086159,0.0024692179556503,rmse_table_all_100000.csv
100000,50,1.0,500,0.138630097111066,0.0017210845400817,rmse_table_all_100000.csv
100000,50,1.0,600,0.136215309302012,0.0004845103046375,rmse_table_all_100000.csv
100000,50,1.0,700,0.133447160323461,0.0025394611489981,rmse_table_all_100000.csv
100000,50,1.0,800,0.130923529465993,0.0022673071601022,rmse_table_all_100000.csv
100000,50,1.0,900,0.133624335130056,0.0017230444835252,rmse_table_all_100000.csv
1000000,5,1.0,200,0.0309531229237715,0.0003071618255964,rmse_table_all_1000000.csv
1000000,5,1.0,300,0.0282846552630265,0.0001336934444643,rmse_table_all_1000000.csv
1000000,5,1.0,400,0.0273705162107944,0.0003021597495504,rmse_table_all_1000000.csv
1000000,5,1.0,500,0.0263987177362044,0.0002594998905814,rmse_table_all_1000000.csv
1000000,5,1.0,600,0.0256958746661742,0.0002454854283046,rmse_table_all_1000000.csv
1000000,5,1.0,700,0.0260092231134573,0.0002743366277828,rmse_table_all_1000000.csv
1000000,20,1.0,600,0.0472241919487714,0.0005615446716547,rmse_table_all_1000000.csv
1000000,20,1.0,750,0.0447704885154962,0.0007330793887376,rmse_table_all_1000000.csv
1000000,20,1.0,900,0.0429377723485231,0.0001402404159307,rmse_table_all_1000000.csv
1000000,20,1.0,1050,0.0421311613172292,0.0002268049865961,rmse_table_all_1000000.csv
1000000,20,1.0,1200,0.042341224849224,0.0002376697957515,rmse_table_all_1000000.csv
1000000,20,1.0,1350,0.0417394656687974,8.30758363008499e-05,rmse_table_all_1000000.csv
1000000,50,1.0,1200,0.0613710880279541,0.0004075840115547,rmse_table_all_1000000.csv
1000000,50,1.0,1300,0.0598037280142307,2.44379043579102e-05,rmse_table_all_1000000.csv
1000000,50,1.0,1400,0.0598191879689693,0.0003024116158485,rmse_table_all_1000000.csv
1000000,50,1.0,1500,0.0587907396256923,0.0003916211426258,rmse_table_all_1000000.csv
1000000,50,1.0,1600,0.0572034399956464,0.0002075415104627,rmse_table_all_1000000.csv
1000000,50,1.0,1700,0.0580217279493808,0.0009751506149768,rmse_table_all_1000000.csv
1000000,50,1.0,1800,0.0569051671773195,0.0007727164775133,rmse_table_all_1000000.csv
1000000,50,1.0,1900,0.0572264604270458,0.0003747902810573,rmse_table_all_1000000.csv
1000000,50,1.0,2000,0.0571631509810686,1.92541629076004e-05,rmse_table_all_1000000.csv
